981629.un05:hpc565,hpc567,hpc570,hpc571,hpc572,hpc580:Nodes hpc565 <-> hpc567:hpc565->IBSW_33->hpc567
981629.un05:hpc565,hpc567,hpc570,hpc571,hpc572,hpc580:Nodes hpc565 <-> hpc570:hpc565->IBSW_33->hpc570
981629.un05:hpc565,hpc567,hpc570,hpc571,hpc572,hpc580:Nodes hpc565 <-> hpc571:hpc565->IBSW_33->hpc571
981629.un05:hpc565,hpc567,hpc570,hpc571,hpc572,hpc580:Nodes hpc565 <-> hpc572:hpc565->IBSW_33->hpc572
981629.un05:hpc565,hpc567,hpc570,hpc571,hpc572,hpc580:Nodes hpc565 <-> hpc580:hpc565->IBSW_33->hpc580
981629.un05:hpc565,hpc567,hpc570,hpc571,hpc572,hpc580:Nodes hpc567 <-> hpc570:hpc567->IBSW_33->hpc570
981629.un05:hpc565,hpc567,hpc570,hpc571,hpc572,hpc580:Nodes hpc567 <-> hpc571:hpc567->IBSW_33->hpc571
981629.un05:hpc565,hpc567,hpc570,hpc571,hpc572,hpc580:Nodes hpc567 <-> hpc572:hpc567->IBSW_33->hpc572
981629.un05:hpc565,hpc567,hpc570,hpc571,hpc572,hpc580:Nodes hpc567 <-> hpc580:hpc567->IBSW_33->hpc580
981629.un05:hpc565,hpc567,hpc570,hpc571,hpc572,hpc580:Nodes hpc570 <-> hpc571:hpc570->IBSW_33->hpc571
981629.un05:hpc565,hpc567,hpc570,hpc571,hpc572,hpc580:Nodes hpc570 <-> hpc572:hpc570->IBSW_33->hpc572
981629.un05:hpc565,hpc567,hpc570,hpc571,hpc572,hpc580:Nodes hpc570 <-> hpc580:hpc570->IBSW_33->hpc580
981629.un05:hpc565,hpc567,hpc570,hpc571,hpc572,hpc580:Nodes hpc571 <-> hpc572:hpc571->IBSW_33->hpc572
981629.un05:hpc565,hpc567,hpc570,hpc571,hpc572,hpc580:Nodes hpc571 <-> hpc580:hpc571->IBSW_33->hpc580
981629.un05:hpc565,hpc567,hpc570,hpc571,hpc572,hpc580:Nodes hpc572 <-> hpc580:hpc572->IBSW_33->hpc580
983321.un05:hpc668,hpc724:Nodes hpc668 <-> hpc724:hpc668->IBSW_38->IBB2_SW_L19->IBB2_SW_S10->IBB2_SW_L21->IBSW_42->hpc724
983813.un05:hpc725,hpc740:Nodes hpc725 <-> hpc740:hpc725->IBSW_42->hpc740
983897.un05:hpc071,hpc082,hpc101,hpc267,hpc286,hpc053:Nodes hpc071 <-> hpc082:hpc071->IBSW_04->IBB2_SW_L02->IBB2_SW_S05->IBB2_SW_L03->IBSW_05->hpc082
983897.un05:hpc071,hpc082,hpc101,hpc267,hpc286,hpc053:Nodes hpc071 <-> hpc101:hpc071->IBSW_04->IBB1_SW_L02->IBB1_SW_S16->IBB1_SW_L03->IBSW_06->hpc101
983897.un05:hpc071,hpc082,hpc101,hpc267,hpc286,hpc053:Nodes hpc071 <-> hpc267:hpc071->IBSW_04->IBB1_SW_L02->IBB1_SW_S11->IBB1_SW_L08->IBSW_16->hpc267
983897.un05:hpc071,hpc082,hpc101,hpc267,hpc286,hpc053:Nodes hpc071 <-> hpc286:hpc071->IBSW_04->IBB2_SW_L02->IBB2_SW_S02->IBB2_SW_L09->IBSW_17->hpc286
983897.un05:hpc071,hpc082,hpc101,hpc267,hpc286,hpc053:Nodes hpc071 <-> hpc053:hpc071->IBSW_04->IBB1_SW_L02->IBSW_03->hpc053
983897.un05:hpc071,hpc082,hpc101,hpc267,hpc286,hpc053:Nodes hpc082 <-> hpc101:hpc082->IBSW_05->IBB1_SW_L03->IBSW_06->hpc101
983897.un05:hpc071,hpc082,hpc101,hpc267,hpc286,hpc053:Nodes hpc082 <-> hpc267:hpc082->IBSW_05->IBB1_SW_L03->IBB1_SW_S11->IBB1_SW_L08->IBSW_16->hpc267
983897.un05:hpc071,hpc082,hpc101,hpc267,hpc286,hpc053:Nodes hpc082 <-> hpc286:hpc082->IBSW_05->IBB2_SW_L03->IBB2_SW_S02->IBB2_SW_L09->IBSW_17->hpc286
983897.un05:hpc071,hpc082,hpc101,hpc267,hpc286,hpc053:Nodes hpc082 <-> hpc053:hpc082->IBSW_05->IBB1_SW_L03->IBB1_SW_S09->IBB1_SW_L02->IBSW_03->hpc053
983897.un05:hpc071,hpc082,hpc101,hpc267,hpc286,hpc053:Nodes hpc101 <-> hpc267:hpc101->IBSW_06->IBB1_SW_L03->IBB1_SW_S11->IBB1_SW_L08->IBSW_16->hpc267
983897.un05:hpc071,hpc082,hpc101,hpc267,hpc286,hpc053:Nodes hpc101 <-> hpc286:hpc101->IBSW_06->IBB2_SW_L03->IBB2_SW_S02->IBB2_SW_L09->IBSW_17->hpc286
983897.un05:hpc071,hpc082,hpc101,hpc267,hpc286,hpc053:Nodes hpc101 <-> hpc053:hpc101->IBSW_06->IBB1_SW_L03->IBB1_SW_S09->IBB1_SW_L02->IBSW_03->hpc053
983897.un05:hpc071,hpc082,hpc101,hpc267,hpc286,hpc053:Nodes hpc267 <-> hpc286:hpc267->IBSW_16->IBB2_SW_L08->IBB2_SW_S02->IBB2_SW_L09->IBSW_17->hpc286
983897.un05:hpc071,hpc082,hpc101,hpc267,hpc286,hpc053:Nodes hpc267 <-> hpc053:hpc267->IBSW_16->IBB1_SW_L08->IBB1_SW_S09->IBB1_SW_L02->IBSW_03->hpc053
983897.un05:hpc071,hpc082,hpc101,hpc267,hpc286,hpc053:Nodes hpc286 <-> hpc053:hpc286->IBSW_17->IBB1_SW_L09->IBB1_SW_S09->IBB1_SW_L02->IBSW_03->hpc053
984107.un05:hpc342,hpc386,hpc392,hpc453,hpc458,hpc136:Nodes hpc342 <-> hpc386:hpc342->IBSW_20->IBB2_SW_L10->IBB2_SW_S17->IBB2_SW_L11->IBSW_22->hpc386
984107.un05:hpc342,hpc386,hpc392,hpc453,hpc458,hpc136:Nodes hpc342 <-> hpc392:hpc342->IBSW_20->IBB2_SW_L10->IBB2_SW_S02->IBB2_SW_L12->IBSW_23->hpc392
984107.un05:hpc342,hpc386,hpc392,hpc453,hpc458,hpc136:Nodes hpc342 <-> hpc453:hpc342->IBSW_20->IBB1_SW_L10->IBB1_SW_S16->IBB1_SW_L13->IBSW_26->hpc453
984107.un05:hpc342,hpc386,hpc392,hpc453,hpc458,hpc136:Nodes hpc342 <-> hpc458:hpc342->IBSW_20->IBB2_SW_L10->IBB2_SW_S18->IBB2_SW_L13->IBSW_26->hpc458
984107.un05:hpc342,hpc386,hpc392,hpc453,hpc458,hpc136:Nodes hpc342 <-> hpc136:hpc342->IBSW_20->IBB2_SW_L10->IBB2_SW_S15->IBB2_SW_L04->IBSW_08->hpc136
984107.un05:hpc342,hpc386,hpc392,hpc453,hpc458,hpc136:Nodes hpc386 <-> hpc392:hpc386->IBSW_22->IBB2_SW_L11->IBB2_SW_S02->IBB2_SW_L12->IBSW_23->hpc392
984107.un05:hpc342,hpc386,hpc392,hpc453,hpc458,hpc136:Nodes hpc386 <-> hpc453:hpc386->IBSW_22->IBB1_SW_L11->IBB1_SW_S16->IBB1_SW_L13->IBSW_26->hpc453
984107.un05:hpc342,hpc386,hpc392,hpc453,hpc458,hpc136:Nodes hpc386 <-> hpc458:hpc386->IBSW_22->IBB2_SW_L11->IBB2_SW_S18->IBB2_SW_L13->IBSW_26->hpc458
984107.un05:hpc342,hpc386,hpc392,hpc453,hpc458,hpc136:Nodes hpc386 <-> hpc136:hpc386->IBSW_22->IBB2_SW_L11->IBB2_SW_S15->IBB2_SW_L04->IBSW_08->hpc136
984107.un05:hpc342,hpc386,hpc392,hpc453,hpc458,hpc136:Nodes hpc392 <-> hpc453:hpc392->IBSW_23->IBB1_SW_L12->IBB1_SW_S16->IBB1_SW_L13->IBSW_26->hpc453
984107.un05:hpc342,hpc386,hpc392,hpc453,hpc458,hpc136:Nodes hpc392 <-> hpc458:hpc392->IBSW_23->IBB2_SW_L12->IBB2_SW_S18->IBB2_SW_L13->IBSW_26->hpc458
984107.un05:hpc342,hpc386,hpc392,hpc453,hpc458,hpc136:Nodes hpc392 <-> hpc136:hpc392->IBSW_23->IBB2_SW_L12->IBB2_SW_S15->IBB2_SW_L04->IBSW_08->hpc136
984107.un05:hpc342,hpc386,hpc392,hpc453,hpc458,hpc136:Nodes hpc453 <-> hpc458:hpc453->IBSW_26->hpc458
984107.un05:hpc342,hpc386,hpc392,hpc453,hpc458,hpc136:Nodes hpc453 <-> hpc136:hpc453->IBSW_26->IBB2_SW_L13->IBB2_SW_S15->IBB2_SW_L04->IBSW_08->hpc136
984107.un05:hpc342,hpc386,hpc392,hpc453,hpc458,hpc136:Nodes hpc458 <-> hpc136:hpc458->IBSW_26->IBB2_SW_L13->IBB2_SW_S15->IBB2_SW_L04->IBSW_08->hpc136
984338.un05:hpc127,hpc133,hpc137,hpc126,hpc125,hpc134:Nodes hpc127 <-> hpc133:hpc127->IBSW_08->hpc133
984338.un05:hpc127,hpc133,hpc137,hpc126,hpc125,hpc134:Nodes hpc127 <-> hpc137:hpc127->IBSW_08->hpc137
984338.un05:hpc127,hpc133,hpc137,hpc126,hpc125,hpc134:Nodes hpc127 <-> hpc126:hpc127->IBSW_08->hpc126
984338.un05:hpc127,hpc133,hpc137,hpc126,hpc125,hpc134:Nodes hpc127 <-> hpc125:hpc127->IBSW_08->hpc125
984338.un05:hpc127,hpc133,hpc137,hpc126,hpc125,hpc134:Nodes hpc127 <-> hpc134:hpc127->IBSW_08->hpc134
984338.un05:hpc127,hpc133,hpc137,hpc126,hpc125,hpc134:Nodes hpc133 <-> hpc137:hpc133->IBSW_08->hpc137
984338.un05:hpc127,hpc133,hpc137,hpc126,hpc125,hpc134:Nodes hpc133 <-> hpc126:hpc133->IBSW_08->hpc126
984338.un05:hpc127,hpc133,hpc137,hpc126,hpc125,hpc134:Nodes hpc133 <-> hpc125:hpc133->IBSW_08->hpc125
984338.un05:hpc127,hpc133,hpc137,hpc126,hpc125,hpc134:Nodes hpc133 <-> hpc134:hpc133->IBSW_08->hpc134
984338.un05:hpc127,hpc133,hpc137,hpc126,hpc125,hpc134:Nodes hpc137 <-> hpc126:hpc137->IBSW_08->hpc126
984338.un05:hpc127,hpc133,hpc137,hpc126,hpc125,hpc134:Nodes hpc137 <-> hpc125:hpc137->IBSW_08->hpc125
984338.un05:hpc127,hpc133,hpc137,hpc126,hpc125,hpc134:Nodes hpc137 <-> hpc134:hpc137->IBSW_08->hpc134
984338.un05:hpc127,hpc133,hpc137,hpc126,hpc125,hpc134:Nodes hpc126 <-> hpc125:hpc126->IBSW_08->hpc125
984338.un05:hpc127,hpc133,hpc137,hpc126,hpc125,hpc134:Nodes hpc126 <-> hpc134:hpc126->IBSW_08->hpc134
984338.un05:hpc127,hpc133,hpc137,hpc126,hpc125,hpc134:Nodes hpc125 <-> hpc134:hpc125->IBSW_08->hpc134
984435.un05:hpc108,hpc115,hpc107,hpc114,hpc117,hpc118:Nodes hpc108 <-> hpc115:hpc108->IBSW_07->hpc115
984435.un05:hpc108,hpc115,hpc107,hpc114,hpc117,hpc118:Nodes hpc108 <-> hpc107:hpc108->IBSW_07->hpc107
984435.un05:hpc108,hpc115,hpc107,hpc114,hpc117,hpc118:Nodes hpc108 <-> hpc114:hpc108->IBSW_07->hpc114
984435.un05:hpc108,hpc115,hpc107,hpc114,hpc117,hpc118:Nodes hpc108 <-> hpc117:hpc108->IBSW_07->hpc117
984435.un05:hpc108,hpc115,hpc107,hpc114,hpc117,hpc118:Nodes hpc108 <-> hpc118:hpc108->IBSW_07->hpc118
984435.un05:hpc108,hpc115,hpc107,hpc114,hpc117,hpc118:Nodes hpc115 <-> hpc107:hpc115->IBSW_07->hpc107
984435.un05:hpc108,hpc115,hpc107,hpc114,hpc117,hpc118:Nodes hpc115 <-> hpc114:hpc115->IBSW_07->hpc114
984435.un05:hpc108,hpc115,hpc107,hpc114,hpc117,hpc118:Nodes hpc115 <-> hpc117:hpc115->IBSW_07->hpc117
984435.un05:hpc108,hpc115,hpc107,hpc114,hpc117,hpc118:Nodes hpc115 <-> hpc118:hpc115->IBSW_07->hpc118
984435.un05:hpc108,hpc115,hpc107,hpc114,hpc117,hpc118:Nodes hpc107 <-> hpc114:hpc107->IBSW_07->hpc114
984435.un05:hpc108,hpc115,hpc107,hpc114,hpc117,hpc118:Nodes hpc107 <-> hpc117:hpc107->IBSW_07->hpc117
984435.un05:hpc108,hpc115,hpc107,hpc114,hpc117,hpc118:Nodes hpc107 <-> hpc118:hpc107->IBSW_07->hpc118
984435.un05:hpc108,hpc115,hpc107,hpc114,hpc117,hpc118:Nodes hpc114 <-> hpc117:hpc114->IBSW_07->hpc117
984435.un05:hpc108,hpc115,hpc107,hpc114,hpc117,hpc118:Nodes hpc114 <-> hpc118:hpc114->IBSW_07->hpc118
984435.un05:hpc108,hpc115,hpc107,hpc114,hpc117,hpc118:Nodes hpc117 <-> hpc118:hpc117->IBSW_07->hpc118
984455.un05:hpc372,hpc374,hpc388,hpc433,hpc292,hpc323,hpc442,hpc444,hpc445,hpc009:Nodes hpc372 <-> hpc374:hpc372->IBSW_22->hpc374
984455.un05:hpc372,hpc374,hpc388,hpc433,hpc292,hpc323,hpc442,hpc444,hpc445,hpc009:Nodes hpc372 <-> hpc388:hpc372->IBSW_22->hpc388
984455.un05:hpc372,hpc374,hpc388,hpc433,hpc292,hpc323,hpc442,hpc444,hpc445,hpc009:Nodes hpc372 <-> hpc433:hpc372->IBSW_22->IBB1_SW_L11->IBB1_SW_S05->IBB1_SW_L13->IBSW_25->hpc433
984455.un05:hpc372,hpc374,hpc388,hpc433,hpc292,hpc323,hpc442,hpc444,hpc445,hpc009:Nodes hpc372 <-> hpc292:hpc372->IBSW_22->IBB2_SW_L11->IBB2_SW_S05->IBB2_SW_L09->IBSW_17->hpc292
984455.un05:hpc372,hpc374,hpc388,hpc433,hpc292,hpc323,hpc442,hpc444,hpc445,hpc009:Nodes hpc372 <-> hpc323:hpc372->IBSW_22->IBB1_SW_L11->IBB1_SW_S03->IBB1_SW_L10->IBSW_19->hpc323
984455.un05:hpc372,hpc374,hpc388,hpc433,hpc292,hpc323,hpc442,hpc444,hpc445,hpc009:Nodes hpc372 <-> hpc442:hpc372->IBSW_22->IBB2_SW_L11->IBB2_SW_S10->IBB2_SW_L13->IBSW_26->hpc442
984455.un05:hpc372,hpc374,hpc388,hpc433,hpc292,hpc323,hpc442,hpc444,hpc445,hpc009:Nodes hpc372 <-> hpc444:hpc372->IBSW_22->IBB2_SW_L11->IBB2_SW_S11->IBB2_SW_L13->IBSW_26->hpc444
984455.un05:hpc372,hpc374,hpc388,hpc433,hpc292,hpc323,hpc442,hpc444,hpc445,hpc009:Nodes hpc372 <-> hpc445:hpc372->IBSW_22->IBB1_SW_L11->IBB1_SW_S12->IBB1_SW_L13->IBSW_26->hpc445
984455.un05:hpc372,hpc374,hpc388,hpc433,hpc292,hpc323,hpc442,hpc444,hpc445,hpc009:Nodes hpc372 <-> hpc009:hpc372->IBSW_22->IBB1_SW_L11->IBB1_SW_S05->IBB1_SW_L01->IBSW_01->hpc009
984455.un05:hpc372,hpc374,hpc388,hpc433,hpc292,hpc323,hpc442,hpc444,hpc445,hpc009:Nodes hpc374 <-> hpc388:hpc374->IBSW_22->hpc388
984455.un05:hpc372,hpc374,hpc388,hpc433,hpc292,hpc323,hpc442,hpc444,hpc445,hpc009:Nodes hpc374 <-> hpc433:hpc374->IBSW_22->IBB1_SW_L11->IBB1_SW_S05->IBB1_SW_L13->IBSW_25->hpc433
984455.un05:hpc372,hpc374,hpc388,hpc433,hpc292,hpc323,hpc442,hpc444,hpc445,hpc009:Nodes hpc374 <-> hpc292:hpc374->IBSW_22->IBB2_SW_L11->IBB2_SW_S05->IBB2_SW_L09->IBSW_17->hpc292
984455.un05:hpc372,hpc374,hpc388,hpc433,hpc292,hpc323,hpc442,hpc444,hpc445,hpc009:Nodes hpc374 <-> hpc323:hpc374->IBSW_22->IBB1_SW_L11->IBB1_SW_S03->IBB1_SW_L10->IBSW_19->hpc323
984455.un05:hpc372,hpc374,hpc388,hpc433,hpc292,hpc323,hpc442,hpc444,hpc445,hpc009:Nodes hpc374 <-> hpc442:hpc374->IBSW_22->IBB2_SW_L11->IBB2_SW_S10->IBB2_SW_L13->IBSW_26->hpc442
984455.un05:hpc372,hpc374,hpc388,hpc433,hpc292,hpc323,hpc442,hpc444,hpc445,hpc009:Nodes hpc374 <-> hpc444:hpc374->IBSW_22->IBB2_SW_L11->IBB2_SW_S11->IBB2_SW_L13->IBSW_26->hpc444
984455.un05:hpc372,hpc374,hpc388,hpc433,hpc292,hpc323,hpc442,hpc444,hpc445,hpc009:Nodes hpc374 <-> hpc445:hpc374->IBSW_22->IBB1_SW_L11->IBB1_SW_S12->IBB1_SW_L13->IBSW_26->hpc445
984455.un05:hpc372,hpc374,hpc388,hpc433,hpc292,hpc323,hpc442,hpc444,hpc445,hpc009:Nodes hpc374 <-> hpc009:hpc374->IBSW_22->IBB1_SW_L11->IBB1_SW_S05->IBB1_SW_L01->IBSW_01->hpc009
984455.un05:hpc372,hpc374,hpc388,hpc433,hpc292,hpc323,hpc442,hpc444,hpc445,hpc009:Nodes hpc388 <-> hpc433:hpc388->IBSW_22->IBB1_SW_L11->IBB1_SW_S05->IBB1_SW_L13->IBSW_25->hpc433
984455.un05:hpc372,hpc374,hpc388,hpc433,hpc292,hpc323,hpc442,hpc444,hpc445,hpc009:Nodes hpc388 <-> hpc292:hpc388->IBSW_22->IBB2_SW_L11->IBB2_SW_S05->IBB2_SW_L09->IBSW_17->hpc292
984455.un05:hpc372,hpc374,hpc388,hpc433,hpc292,hpc323,hpc442,hpc444,hpc445,hpc009:Nodes hpc388 <-> hpc323:hpc388->IBSW_22->IBB1_SW_L11->IBB1_SW_S03->IBB1_SW_L10->IBSW_19->hpc323
984455.un05:hpc372,hpc374,hpc388,hpc433,hpc292,hpc323,hpc442,hpc444,hpc445,hpc009:Nodes hpc388 <-> hpc442:hpc388->IBSW_22->IBB2_SW_L11->IBB2_SW_S10->IBB2_SW_L13->IBSW_26->hpc442
984455.un05:hpc372,hpc374,hpc388,hpc433,hpc292,hpc323,hpc442,hpc444,hpc445,hpc009:Nodes hpc388 <-> hpc444:hpc388->IBSW_22->IBB2_SW_L11->IBB2_SW_S11->IBB2_SW_L13->IBSW_26->hpc444
984455.un05:hpc372,hpc374,hpc388,hpc433,hpc292,hpc323,hpc442,hpc444,hpc445,hpc009:Nodes hpc388 <-> hpc445:hpc388->IBSW_22->IBB1_SW_L11->IBB1_SW_S12->IBB1_SW_L13->IBSW_26->hpc445
984455.un05:hpc372,hpc374,hpc388,hpc433,hpc292,hpc323,hpc442,hpc444,hpc445,hpc009:Nodes hpc388 <-> hpc009:hpc388->IBSW_22->IBB1_SW_L11->IBB1_SW_S05->IBB1_SW_L01->IBSW_01->hpc009
984455.un05:hpc372,hpc374,hpc388,hpc433,hpc292,hpc323,hpc442,hpc444,hpc445,hpc009:Nodes hpc433 <-> hpc292:hpc433->IBSW_25->IBB2_SW_L13->IBB2_SW_S05->IBB2_SW_L09->IBSW_17->hpc292
984455.un05:hpc372,hpc374,hpc388,hpc433,hpc292,hpc323,hpc442,hpc444,hpc445,hpc009:Nodes hpc433 <-> hpc323:hpc433->IBSW_25->IBB1_SW_L13->IBB1_SW_S03->IBB1_SW_L10->IBSW_19->hpc323
984455.un05:hpc372,hpc374,hpc388,hpc433,hpc292,hpc323,hpc442,hpc444,hpc445,hpc009:Nodes hpc433 <-> hpc442:hpc433->IBSW_25->IBB2_SW_L13->IBSW_26->hpc442
984455.un05:hpc372,hpc374,hpc388,hpc433,hpc292,hpc323,hpc442,hpc444,hpc445,hpc009:Nodes hpc433 <-> hpc444:hpc433->IBSW_25->IBB2_SW_L13->IBSW_26->hpc444
984455.un05:hpc372,hpc374,hpc388,hpc433,hpc292,hpc323,hpc442,hpc444,hpc445,hpc009:Nodes hpc433 <-> hpc445:hpc433->IBSW_25->IBB1_SW_L13->IBSW_26->hpc445
984455.un05:hpc372,hpc374,hpc388,hpc433,hpc292,hpc323,hpc442,hpc444,hpc445,hpc009:Nodes hpc433 <-> hpc009:hpc433->IBSW_25->IBB1_SW_L13->IBB1_SW_S05->IBB1_SW_L01->IBSW_01->hpc009
984455.un05:hpc372,hpc374,hpc388,hpc433,hpc292,hpc323,hpc442,hpc444,hpc445,hpc009:Nodes hpc292 <-> hpc323:hpc292->IBSW_17->IBB1_SW_L09->IBB1_SW_S03->IBB1_SW_L10->IBSW_19->hpc323
984455.un05:hpc372,hpc374,hpc388,hpc433,hpc292,hpc323,hpc442,hpc444,hpc445,hpc009:Nodes hpc292 <-> hpc442:hpc292->IBSW_17->IBB2_SW_L09->IBB2_SW_S10->IBB2_SW_L13->IBSW_26->hpc442
984455.un05:hpc372,hpc374,hpc388,hpc433,hpc292,hpc323,hpc442,hpc444,hpc445,hpc009:Nodes hpc292 <-> hpc444:hpc292->IBSW_17->IBB2_SW_L09->IBB2_SW_S11->IBB2_SW_L13->IBSW_26->hpc444
984455.un05:hpc372,hpc374,hpc388,hpc433,hpc292,hpc323,hpc442,hpc444,hpc445,hpc009:Nodes hpc292 <-> hpc445:hpc292->IBSW_17->IBB1_SW_L09->IBB1_SW_S12->IBB1_SW_L13->IBSW_26->hpc445
984455.un05:hpc372,hpc374,hpc388,hpc433,hpc292,hpc323,hpc442,hpc444,hpc445,hpc009:Nodes hpc292 <-> hpc009:hpc292->IBSW_17->IBB1_SW_L09->IBB1_SW_S05->IBB1_SW_L01->IBSW_01->hpc009
984455.un05:hpc372,hpc374,hpc388,hpc433,hpc292,hpc323,hpc442,hpc444,hpc445,hpc009:Nodes hpc323 <-> hpc442:hpc323->IBSW_19->IBB2_SW_L10->IBB2_SW_S10->IBB2_SW_L13->IBSW_26->hpc442
984455.un05:hpc372,hpc374,hpc388,hpc433,hpc292,hpc323,hpc442,hpc444,hpc445,hpc009:Nodes hpc323 <-> hpc444:hpc323->IBSW_19->IBB2_SW_L10->IBB2_SW_S11->IBB2_SW_L13->IBSW_26->hpc444
984455.un05:hpc372,hpc374,hpc388,hpc433,hpc292,hpc323,hpc442,hpc444,hpc445,hpc009:Nodes hpc323 <-> hpc445:hpc323->IBSW_19->IBB1_SW_L10->IBB1_SW_S12->IBB1_SW_L13->IBSW_26->hpc445
984455.un05:hpc372,hpc374,hpc388,hpc433,hpc292,hpc323,hpc442,hpc444,hpc445,hpc009:Nodes hpc323 <-> hpc009:hpc323->IBSW_19->IBB1_SW_L10->IBB1_SW_S05->IBB1_SW_L01->IBSW_01->hpc009
984455.un05:hpc372,hpc374,hpc388,hpc433,hpc292,hpc323,hpc442,hpc444,hpc445,hpc009:Nodes hpc442 <-> hpc444:hpc442->IBSW_26->hpc444
984455.un05:hpc372,hpc374,hpc388,hpc433,hpc292,hpc323,hpc442,hpc444,hpc445,hpc009:Nodes hpc442 <-> hpc445:hpc442->IBSW_26->hpc445
984455.un05:hpc372,hpc374,hpc388,hpc433,hpc292,hpc323,hpc442,hpc444,hpc445,hpc009:Nodes hpc442 <-> hpc009:hpc442->IBSW_26->IBB1_SW_L13->IBB1_SW_S05->IBB1_SW_L01->IBSW_01->hpc009
984455.un05:hpc372,hpc374,hpc388,hpc433,hpc292,hpc323,hpc442,hpc444,hpc445,hpc009:Nodes hpc444 <-> hpc445:hpc444->IBSW_26->hpc445
984455.un05:hpc372,hpc374,hpc388,hpc433,hpc292,hpc323,hpc442,hpc444,hpc445,hpc009:Nodes hpc444 <-> hpc009:hpc444->IBSW_26->IBB1_SW_L13->IBB1_SW_S05->IBB1_SW_L01->IBSW_01->hpc009
984455.un05:hpc372,hpc374,hpc388,hpc433,hpc292,hpc323,hpc442,hpc444,hpc445,hpc009:Nodes hpc445 <-> hpc009:hpc445->IBSW_26->IBB1_SW_L13->IBB1_SW_S05->IBB1_SW_L01->IBSW_01->hpc009
984540.un05:hpc836,hpc827:Nodes hpc836 <-> hpc827:hpc836->IBSW_49->hpc827
984541.un05:hpc819,hpc808:Nodes hpc819 <-> hpc808:hpc819->IBSW_48->hpc808
984546.un05:hpc778,hpc773:Nodes hpc778 <-> hpc773:hpc778->IBSW_46->hpc773
984548.un05:hpc606,hpc614:Nodes hpc606 <-> hpc614:hpc606->IBSW_35->hpc614
984552.un05:hpc776,hpc772:Nodes hpc776 <-> hpc772:hpc776->IBSW_46->hpc772
984554.un05:hpc693,hpc694:Nodes hpc693 <-> hpc694:hpc693->IBSW_40->hpc694
984555.un05:hpc610,hpc601:Nodes hpc610 <-> hpc601:hpc610->IBSW_35->hpc601
984562.un05:hpc825,hpc829:Nodes hpc825 <-> hpc829:hpc825->IBSW_49->hpc829
984564.un05:hpc820,hpc833:Nodes hpc820 <-> hpc833:hpc820->IBSW_48->IBB1_SW_L24->IBB1_SW_S15->IBB1_SW_L25->IBSW_49->hpc833
984565.un05:hpc800,hpc774:Nodes hpc800 <-> hpc774:hpc800->IBSW_47->IBB2_SW_L24->IBB2_SW_S12->IBB2_SW_L23->IBSW_46->hpc774
984567.un05:hpc642,hpc649:Nodes hpc642 <-> hpc649:hpc642->IBSW_37->hpc649
984778.un05:hpc752,hpc745:Nodes hpc752 <-> hpc745:hpc752->IBSW_43->hpc745
984797.un05:hpc521,hpc527:Nodes hpc521 <-> hpc527:hpc521->IBSW_30->hpc527
984878.un05:hpc177,hpc178,hpc179,hpc184,hpc185,hpc186,hpc195,hpc201,hpc203,hpc205,hpc206,hpc208,hpc211,hpc212:Nodes hpc177 <-> hpc178:hpc177->IBSW_11->hpc178
984878.un05:hpc177,hpc178,hpc179,hpc184,hpc185,hpc186,hpc195,hpc201,hpc203,hpc205,hpc206,hpc208,hpc211,hpc212:Nodes hpc177 <-> hpc179:hpc177->IBSW_11->hpc179
984878.un05:hpc177,hpc178,hpc179,hpc184,hpc185,hpc186,hpc195,hpc201,hpc203,hpc205,hpc206,hpc208,hpc211,hpc212:Nodes hpc177 <-> hpc184:hpc177->IBSW_11->hpc184
984878.un05:hpc177,hpc178,hpc179,hpc184,hpc185,hpc186,hpc195,hpc201,hpc203,hpc205,hpc206,hpc208,hpc211,hpc212:Nodes hpc177 <-> hpc185:hpc177->IBSW_11->hpc185
984878.un05:hpc177,hpc178,hpc179,hpc184,hpc185,hpc186,hpc195,hpc201,hpc203,hpc205,hpc206,hpc208,hpc211,hpc212:Nodes hpc177 <-> hpc186:hpc177->IBSW_11->hpc186
984878.un05:hpc177,hpc178,hpc179,hpc184,hpc185,hpc186,hpc195,hpc201,hpc203,hpc205,hpc206,hpc208,hpc211,hpc212:Nodes hpc177 <-> hpc195:hpc177->IBSW_11->IBB1_SW_L06->IBSW_12->hpc195
984878.un05:hpc177,hpc178,hpc179,hpc184,hpc185,hpc186,hpc195,hpc201,hpc203,hpc205,hpc206,hpc208,hpc211,hpc212:Nodes hpc177 <-> hpc201:hpc177->IBSW_11->IBB1_SW_L06->IBSW_12->hpc201
984878.un05:hpc177,hpc178,hpc179,hpc184,hpc185,hpc186,hpc195,hpc201,hpc203,hpc205,hpc206,hpc208,hpc211,hpc212:Nodes hpc177 <-> hpc203:hpc177->IBSW_11->IBB1_SW_L06->IBSW_12->hpc203
984878.un05:hpc177,hpc178,hpc179,hpc184,hpc185,hpc186,hpc195,hpc201,hpc203,hpc205,hpc206,hpc208,hpc211,hpc212:Nodes hpc177 <-> hpc205:hpc177->IBSW_11->IBB1_SW_L06->IBSW_12->hpc205
984878.un05:hpc177,hpc178,hpc179,hpc184,hpc185,hpc186,hpc195,hpc201,hpc203,hpc205,hpc206,hpc208,hpc211,hpc212:Nodes hpc177 <-> hpc206:hpc177->IBSW_11->IBB2_SW_L06->IBSW_12->hpc206
984878.un05:hpc177,hpc178,hpc179,hpc184,hpc185,hpc186,hpc195,hpc201,hpc203,hpc205,hpc206,hpc208,hpc211,hpc212:Nodes hpc177 <-> hpc208:hpc177->IBSW_11->IBB2_SW_L06->IBSW_12->hpc208
984878.un05:hpc177,hpc178,hpc179,hpc184,hpc185,hpc186,hpc195,hpc201,hpc203,hpc205,hpc206,hpc208,hpc211,hpc212:Nodes hpc177 <-> hpc211:hpc177->IBSW_11->IBB1_SW_L06->IBSW_12->hpc211
984878.un05:hpc177,hpc178,hpc179,hpc184,hpc185,hpc186,hpc195,hpc201,hpc203,hpc205,hpc206,hpc208,hpc211,hpc212:Nodes hpc177 <-> hpc212:hpc177->IBSW_11->IBB2_SW_L06->IBSW_12->hpc212
984878.un05:hpc177,hpc178,hpc179,hpc184,hpc185,hpc186,hpc195,hpc201,hpc203,hpc205,hpc206,hpc208,hpc211,hpc212:Nodes hpc178 <-> hpc179:hpc178->IBSW_11->hpc179
984878.un05:hpc177,hpc178,hpc179,hpc184,hpc185,hpc186,hpc195,hpc201,hpc203,hpc205,hpc206,hpc208,hpc211,hpc212:Nodes hpc178 <-> hpc184:hpc178->IBSW_11->hpc184
984878.un05:hpc177,hpc178,hpc179,hpc184,hpc185,hpc186,hpc195,hpc201,hpc203,hpc205,hpc206,hpc208,hpc211,hpc212:Nodes hpc178 <-> hpc185:hpc178->IBSW_11->hpc185
984878.un05:hpc177,hpc178,hpc179,hpc184,hpc185,hpc186,hpc195,hpc201,hpc203,hpc205,hpc206,hpc208,hpc211,hpc212:Nodes hpc178 <-> hpc186:hpc178->IBSW_11->hpc186
984878.un05:hpc177,hpc178,hpc179,hpc184,hpc185,hpc186,hpc195,hpc201,hpc203,hpc205,hpc206,hpc208,hpc211,hpc212:Nodes hpc178 <-> hpc195:hpc178->IBSW_11->IBB1_SW_L06->IBSW_12->hpc195
984878.un05:hpc177,hpc178,hpc179,hpc184,hpc185,hpc186,hpc195,hpc201,hpc203,hpc205,hpc206,hpc208,hpc211,hpc212:Nodes hpc178 <-> hpc201:hpc178->IBSW_11->IBB1_SW_L06->IBSW_12->hpc201
984878.un05:hpc177,hpc178,hpc179,hpc184,hpc185,hpc186,hpc195,hpc201,hpc203,hpc205,hpc206,hpc208,hpc211,hpc212:Nodes hpc178 <-> hpc203:hpc178->IBSW_11->IBB1_SW_L06->IBSW_12->hpc203
984878.un05:hpc177,hpc178,hpc179,hpc184,hpc185,hpc186,hpc195,hpc201,hpc203,hpc205,hpc206,hpc208,hpc211,hpc212:Nodes hpc178 <-> hpc205:hpc178->IBSW_11->IBB1_SW_L06->IBSW_12->hpc205
984878.un05:hpc177,hpc178,hpc179,hpc184,hpc185,hpc186,hpc195,hpc201,hpc203,hpc205,hpc206,hpc208,hpc211,hpc212:Nodes hpc178 <-> hpc206:hpc178->IBSW_11->IBB2_SW_L06->IBSW_12->hpc206
984878.un05:hpc177,hpc178,hpc179,hpc184,hpc185,hpc186,hpc195,hpc201,hpc203,hpc205,hpc206,hpc208,hpc211,hpc212:Nodes hpc178 <-> hpc208:hpc178->IBSW_11->IBB2_SW_L06->IBSW_12->hpc208
984878.un05:hpc177,hpc178,hpc179,hpc184,hpc185,hpc186,hpc195,hpc201,hpc203,hpc205,hpc206,hpc208,hpc211,hpc212:Nodes hpc178 <-> hpc211:hpc178->IBSW_11->IBB1_SW_L06->IBSW_12->hpc211
984878.un05:hpc177,hpc178,hpc179,hpc184,hpc185,hpc186,hpc195,hpc201,hpc203,hpc205,hpc206,hpc208,hpc211,hpc212:Nodes hpc178 <-> hpc212:hpc178->IBSW_11->IBB2_SW_L06->IBSW_12->hpc212
984878.un05:hpc177,hpc178,hpc179,hpc184,hpc185,hpc186,hpc195,hpc201,hpc203,hpc205,hpc206,hpc208,hpc211,hpc212:Nodes hpc179 <-> hpc184:hpc179->IBSW_11->hpc184
984878.un05:hpc177,hpc178,hpc179,hpc184,hpc185,hpc186,hpc195,hpc201,hpc203,hpc205,hpc206,hpc208,hpc211,hpc212:Nodes hpc179 <-> hpc185:hpc179->IBSW_11->hpc185
984878.un05:hpc177,hpc178,hpc179,hpc184,hpc185,hpc186,hpc195,hpc201,hpc203,hpc205,hpc206,hpc208,hpc211,hpc212:Nodes hpc179 <-> hpc186:hpc179->IBSW_11->hpc186
984878.un05:hpc177,hpc178,hpc179,hpc184,hpc185,hpc186,hpc195,hpc201,hpc203,hpc205,hpc206,hpc208,hpc211,hpc212:Nodes hpc179 <-> hpc195:hpc179->IBSW_11->IBB1_SW_L06->IBSW_12->hpc195
984878.un05:hpc177,hpc178,hpc179,hpc184,hpc185,hpc186,hpc195,hpc201,hpc203,hpc205,hpc206,hpc208,hpc211,hpc212:Nodes hpc179 <-> hpc201:hpc179->IBSW_11->IBB1_SW_L06->IBSW_12->hpc201
984878.un05:hpc177,hpc178,hpc179,hpc184,hpc185,hpc186,hpc195,hpc201,hpc203,hpc205,hpc206,hpc208,hpc211,hpc212:Nodes hpc179 <-> hpc203:hpc179->IBSW_11->IBB1_SW_L06->IBSW_12->hpc203
984878.un05:hpc177,hpc178,hpc179,hpc184,hpc185,hpc186,hpc195,hpc201,hpc203,hpc205,hpc206,hpc208,hpc211,hpc212:Nodes hpc179 <-> hpc205:hpc179->IBSW_11->IBB1_SW_L06->IBSW_12->hpc205
984878.un05:hpc177,hpc178,hpc179,hpc184,hpc185,hpc186,hpc195,hpc201,hpc203,hpc205,hpc206,hpc208,hpc211,hpc212:Nodes hpc179 <-> hpc206:hpc179->IBSW_11->IBB2_SW_L06->IBSW_12->hpc206
984878.un05:hpc177,hpc178,hpc179,hpc184,hpc185,hpc186,hpc195,hpc201,hpc203,hpc205,hpc206,hpc208,hpc211,hpc212:Nodes hpc179 <-> hpc208:hpc179->IBSW_11->IBB2_SW_L06->IBSW_12->hpc208
984878.un05:hpc177,hpc178,hpc179,hpc184,hpc185,hpc186,hpc195,hpc201,hpc203,hpc205,hpc206,hpc208,hpc211,hpc212:Nodes hpc179 <-> hpc211:hpc179->IBSW_11->IBB1_SW_L06->IBSW_12->hpc211
984878.un05:hpc177,hpc178,hpc179,hpc184,hpc185,hpc186,hpc195,hpc201,hpc203,hpc205,hpc206,hpc208,hpc211,hpc212:Nodes hpc179 <-> hpc212:hpc179->IBSW_11->IBB2_SW_L06->IBSW_12->hpc212
984878.un05:hpc177,hpc178,hpc179,hpc184,hpc185,hpc186,hpc195,hpc201,hpc203,hpc205,hpc206,hpc208,hpc211,hpc212:Nodes hpc184 <-> hpc185:hpc184->IBSW_11->hpc185
984878.un05:hpc177,hpc178,hpc179,hpc184,hpc185,hpc186,hpc195,hpc201,hpc203,hpc205,hpc206,hpc208,hpc211,hpc212:Nodes hpc184 <-> hpc186:hpc184->IBSW_11->hpc186
984878.un05:hpc177,hpc178,hpc179,hpc184,hpc185,hpc186,hpc195,hpc201,hpc203,hpc205,hpc206,hpc208,hpc211,hpc212:Nodes hpc184 <-> hpc195:hpc184->IBSW_11->IBB1_SW_L06->IBSW_12->hpc195
984878.un05:hpc177,hpc178,hpc179,hpc184,hpc185,hpc186,hpc195,hpc201,hpc203,hpc205,hpc206,hpc208,hpc211,hpc212:Nodes hpc184 <-> hpc201:hpc184->IBSW_11->IBB1_SW_L06->IBSW_12->hpc201
984878.un05:hpc177,hpc178,hpc179,hpc184,hpc185,hpc186,hpc195,hpc201,hpc203,hpc205,hpc206,hpc208,hpc211,hpc212:Nodes hpc184 <-> hpc203:hpc184->IBSW_11->IBB1_SW_L06->IBSW_12->hpc203
984878.un05:hpc177,hpc178,hpc179,hpc184,hpc185,hpc186,hpc195,hpc201,hpc203,hpc205,hpc206,hpc208,hpc211,hpc212:Nodes hpc184 <-> hpc205:hpc184->IBSW_11->IBB1_SW_L06->IBSW_12->hpc205
984878.un05:hpc177,hpc178,hpc179,hpc184,hpc185,hpc186,hpc195,hpc201,hpc203,hpc205,hpc206,hpc208,hpc211,hpc212:Nodes hpc184 <-> hpc206:hpc184->IBSW_11->IBB2_SW_L06->IBSW_12->hpc206
984878.un05:hpc177,hpc178,hpc179,hpc184,hpc185,hpc186,hpc195,hpc201,hpc203,hpc205,hpc206,hpc208,hpc211,hpc212:Nodes hpc184 <-> hpc208:hpc184->IBSW_11->IBB2_SW_L06->IBSW_12->hpc208
984878.un05:hpc177,hpc178,hpc179,hpc184,hpc185,hpc186,hpc195,hpc201,hpc203,hpc205,hpc206,hpc208,hpc211,hpc212:Nodes hpc184 <-> hpc211:hpc184->IBSW_11->IBB1_SW_L06->IBSW_12->hpc211
984878.un05:hpc177,hpc178,hpc179,hpc184,hpc185,hpc186,hpc195,hpc201,hpc203,hpc205,hpc206,hpc208,hpc211,hpc212:Nodes hpc184 <-> hpc212:hpc184->IBSW_11->IBB2_SW_L06->IBSW_12->hpc212
984878.un05:hpc177,hpc178,hpc179,hpc184,hpc185,hpc186,hpc195,hpc201,hpc203,hpc205,hpc206,hpc208,hpc211,hpc212:Nodes hpc185 <-> hpc186:hpc185->IBSW_11->hpc186
984878.un05:hpc177,hpc178,hpc179,hpc184,hpc185,hpc186,hpc195,hpc201,hpc203,hpc205,hpc206,hpc208,hpc211,hpc212:Nodes hpc185 <-> hpc195:hpc185->IBSW_11->IBB1_SW_L06->IBSW_12->hpc195
984878.un05:hpc177,hpc178,hpc179,hpc184,hpc185,hpc186,hpc195,hpc201,hpc203,hpc205,hpc206,hpc208,hpc211,hpc212:Nodes hpc185 <-> hpc201:hpc185->IBSW_11->IBB1_SW_L06->IBSW_12->hpc201
984878.un05:hpc177,hpc178,hpc179,hpc184,hpc185,hpc186,hpc195,hpc201,hpc203,hpc205,hpc206,hpc208,hpc211,hpc212:Nodes hpc185 <-> hpc203:hpc185->IBSW_11->IBB1_SW_L06->IBSW_12->hpc203
984878.un05:hpc177,hpc178,hpc179,hpc184,hpc185,hpc186,hpc195,hpc201,hpc203,hpc205,hpc206,hpc208,hpc211,hpc212:Nodes hpc185 <-> hpc205:hpc185->IBSW_11->IBB1_SW_L06->IBSW_12->hpc205
984878.un05:hpc177,hpc178,hpc179,hpc184,hpc185,hpc186,hpc195,hpc201,hpc203,hpc205,hpc206,hpc208,hpc211,hpc212:Nodes hpc185 <-> hpc206:hpc185->IBSW_11->IBB2_SW_L06->IBSW_12->hpc206
984878.un05:hpc177,hpc178,hpc179,hpc184,hpc185,hpc186,hpc195,hpc201,hpc203,hpc205,hpc206,hpc208,hpc211,hpc212:Nodes hpc185 <-> hpc208:hpc185->IBSW_11->IBB2_SW_L06->IBSW_12->hpc208
984878.un05:hpc177,hpc178,hpc179,hpc184,hpc185,hpc186,hpc195,hpc201,hpc203,hpc205,hpc206,hpc208,hpc211,hpc212:Nodes hpc185 <-> hpc211:hpc185->IBSW_11->IBB1_SW_L06->IBSW_12->hpc211
984878.un05:hpc177,hpc178,hpc179,hpc184,hpc185,hpc186,hpc195,hpc201,hpc203,hpc205,hpc206,hpc208,hpc211,hpc212:Nodes hpc185 <-> hpc212:hpc185->IBSW_11->IBB2_SW_L06->IBSW_12->hpc212
984878.un05:hpc177,hpc178,hpc179,hpc184,hpc185,hpc186,hpc195,hpc201,hpc203,hpc205,hpc206,hpc208,hpc211,hpc212:Nodes hpc186 <-> hpc195:hpc186->IBSW_11->IBB1_SW_L06->IBSW_12->hpc195
984878.un05:hpc177,hpc178,hpc179,hpc184,hpc185,hpc186,hpc195,hpc201,hpc203,hpc205,hpc206,hpc208,hpc211,hpc212:Nodes hpc186 <-> hpc201:hpc186->IBSW_11->IBB1_SW_L06->IBSW_12->hpc201
984878.un05:hpc177,hpc178,hpc179,hpc184,hpc185,hpc186,hpc195,hpc201,hpc203,hpc205,hpc206,hpc208,hpc211,hpc212:Nodes hpc186 <-> hpc203:hpc186->IBSW_11->IBB1_SW_L06->IBSW_12->hpc203
984878.un05:hpc177,hpc178,hpc179,hpc184,hpc185,hpc186,hpc195,hpc201,hpc203,hpc205,hpc206,hpc208,hpc211,hpc212:Nodes hpc186 <-> hpc205:hpc186->IBSW_11->IBB1_SW_L06->IBSW_12->hpc205
984878.un05:hpc177,hpc178,hpc179,hpc184,hpc185,hpc186,hpc195,hpc201,hpc203,hpc205,hpc206,hpc208,hpc211,hpc212:Nodes hpc186 <-> hpc206:hpc186->IBSW_11->IBB2_SW_L06->IBSW_12->hpc206
984878.un05:hpc177,hpc178,hpc179,hpc184,hpc185,hpc186,hpc195,hpc201,hpc203,hpc205,hpc206,hpc208,hpc211,hpc212:Nodes hpc186 <-> hpc208:hpc186->IBSW_11->IBB2_SW_L06->IBSW_12->hpc208
984878.un05:hpc177,hpc178,hpc179,hpc184,hpc185,hpc186,hpc195,hpc201,hpc203,hpc205,hpc206,hpc208,hpc211,hpc212:Nodes hpc186 <-> hpc211:hpc186->IBSW_11->IBB1_SW_L06->IBSW_12->hpc211
984878.un05:hpc177,hpc178,hpc179,hpc184,hpc185,hpc186,hpc195,hpc201,hpc203,hpc205,hpc206,hpc208,hpc211,hpc212:Nodes hpc186 <-> hpc212:hpc186->IBSW_11->IBB2_SW_L06->IBSW_12->hpc212
984878.un05:hpc177,hpc178,hpc179,hpc184,hpc185,hpc186,hpc195,hpc201,hpc203,hpc205,hpc206,hpc208,hpc211,hpc212:Nodes hpc195 <-> hpc201:hpc195->IBSW_12->hpc201
984878.un05:hpc177,hpc178,hpc179,hpc184,hpc185,hpc186,hpc195,hpc201,hpc203,hpc205,hpc206,hpc208,hpc211,hpc212:Nodes hpc195 <-> hpc203:hpc195->IBSW_12->hpc203
984878.un05:hpc177,hpc178,hpc179,hpc184,hpc185,hpc186,hpc195,hpc201,hpc203,hpc205,hpc206,hpc208,hpc211,hpc212:Nodes hpc195 <-> hpc205:hpc195->IBSW_12->hpc205
984878.un05:hpc177,hpc178,hpc179,hpc184,hpc185,hpc186,hpc195,hpc201,hpc203,hpc205,hpc206,hpc208,hpc211,hpc212:Nodes hpc195 <-> hpc206:hpc195->IBSW_12->hpc206
984878.un05:hpc177,hpc178,hpc179,hpc184,hpc185,hpc186,hpc195,hpc201,hpc203,hpc205,hpc206,hpc208,hpc211,hpc212:Nodes hpc195 <-> hpc208:hpc195->IBSW_12->hpc208
984878.un05:hpc177,hpc178,hpc179,hpc184,hpc185,hpc186,hpc195,hpc201,hpc203,hpc205,hpc206,hpc208,hpc211,hpc212:Nodes hpc195 <-> hpc211:hpc195->IBSW_12->hpc211
984878.un05:hpc177,hpc178,hpc179,hpc184,hpc185,hpc186,hpc195,hpc201,hpc203,hpc205,hpc206,hpc208,hpc211,hpc212:Nodes hpc195 <-> hpc212:hpc195->IBSW_12->hpc212
984878.un05:hpc177,hpc178,hpc179,hpc184,hpc185,hpc186,hpc195,hpc201,hpc203,hpc205,hpc206,hpc208,hpc211,hpc212:Nodes hpc201 <-> hpc203:hpc201->IBSW_12->hpc203
984878.un05:hpc177,hpc178,hpc179,hpc184,hpc185,hpc186,hpc195,hpc201,hpc203,hpc205,hpc206,hpc208,hpc211,hpc212:Nodes hpc201 <-> hpc205:hpc201->IBSW_12->hpc205
984878.un05:hpc177,hpc178,hpc179,hpc184,hpc185,hpc186,hpc195,hpc201,hpc203,hpc205,hpc206,hpc208,hpc211,hpc212:Nodes hpc201 <-> hpc206:hpc201->IBSW_12->hpc206
984878.un05:hpc177,hpc178,hpc179,hpc184,hpc185,hpc186,hpc195,hpc201,hpc203,hpc205,hpc206,hpc208,hpc211,hpc212:Nodes hpc201 <-> hpc208:hpc201->IBSW_12->hpc208
984878.un05:hpc177,hpc178,hpc179,hpc184,hpc185,hpc186,hpc195,hpc201,hpc203,hpc205,hpc206,hpc208,hpc211,hpc212:Nodes hpc201 <-> hpc211:hpc201->IBSW_12->hpc211
984878.un05:hpc177,hpc178,hpc179,hpc184,hpc185,hpc186,hpc195,hpc201,hpc203,hpc205,hpc206,hpc208,hpc211,hpc212:Nodes hpc201 <-> hpc212:hpc201->IBSW_12->hpc212
984878.un05:hpc177,hpc178,hpc179,hpc184,hpc185,hpc186,hpc195,hpc201,hpc203,hpc205,hpc206,hpc208,hpc211,hpc212:Nodes hpc203 <-> hpc205:hpc203->IBSW_12->hpc205
984878.un05:hpc177,hpc178,hpc179,hpc184,hpc185,hpc186,hpc195,hpc201,hpc203,hpc205,hpc206,hpc208,hpc211,hpc212:Nodes hpc203 <-> hpc206:hpc203->IBSW_12->hpc206
984878.un05:hpc177,hpc178,hpc179,hpc184,hpc185,hpc186,hpc195,hpc201,hpc203,hpc205,hpc206,hpc208,hpc211,hpc212:Nodes hpc203 <-> hpc208:hpc203->IBSW_12->hpc208
984878.un05:hpc177,hpc178,hpc179,hpc184,hpc185,hpc186,hpc195,hpc201,hpc203,hpc205,hpc206,hpc208,hpc211,hpc212:Nodes hpc203 <-> hpc211:hpc203->IBSW_12->hpc211
984878.un05:hpc177,hpc178,hpc179,hpc184,hpc185,hpc186,hpc195,hpc201,hpc203,hpc205,hpc206,hpc208,hpc211,hpc212:Nodes hpc203 <-> hpc212:hpc203->IBSW_12->hpc212
984878.un05:hpc177,hpc178,hpc179,hpc184,hpc185,hpc186,hpc195,hpc201,hpc203,hpc205,hpc206,hpc208,hpc211,hpc212:Nodes hpc205 <-> hpc206:hpc205->IBSW_12->hpc206
984878.un05:hpc177,hpc178,hpc179,hpc184,hpc185,hpc186,hpc195,hpc201,hpc203,hpc205,hpc206,hpc208,hpc211,hpc212:Nodes hpc205 <-> hpc208:hpc205->IBSW_12->hpc208
984878.un05:hpc177,hpc178,hpc179,hpc184,hpc185,hpc186,hpc195,hpc201,hpc203,hpc205,hpc206,hpc208,hpc211,hpc212:Nodes hpc205 <-> hpc211:hpc205->IBSW_12->hpc211
984878.un05:hpc177,hpc178,hpc179,hpc184,hpc185,hpc186,hpc195,hpc201,hpc203,hpc205,hpc206,hpc208,hpc211,hpc212:Nodes hpc205 <-> hpc212:hpc205->IBSW_12->hpc212
984878.un05:hpc177,hpc178,hpc179,hpc184,hpc185,hpc186,hpc195,hpc201,hpc203,hpc205,hpc206,hpc208,hpc211,hpc212:Nodes hpc206 <-> hpc208:hpc206->IBSW_12->hpc208
984878.un05:hpc177,hpc178,hpc179,hpc184,hpc185,hpc186,hpc195,hpc201,hpc203,hpc205,hpc206,hpc208,hpc211,hpc212:Nodes hpc206 <-> hpc211:hpc206->IBSW_12->hpc211
984878.un05:hpc177,hpc178,hpc179,hpc184,hpc185,hpc186,hpc195,hpc201,hpc203,hpc205,hpc206,hpc208,hpc211,hpc212:Nodes hpc206 <-> hpc212:hpc206->IBSW_12->hpc212
984878.un05:hpc177,hpc178,hpc179,hpc184,hpc185,hpc186,hpc195,hpc201,hpc203,hpc205,hpc206,hpc208,hpc211,hpc212:Nodes hpc208 <-> hpc211:hpc208->IBSW_12->hpc211
984878.un05:hpc177,hpc178,hpc179,hpc184,hpc185,hpc186,hpc195,hpc201,hpc203,hpc205,hpc206,hpc208,hpc211,hpc212:Nodes hpc208 <-> hpc212:hpc208->IBSW_12->hpc212
984878.un05:hpc177,hpc178,hpc179,hpc184,hpc185,hpc186,hpc195,hpc201,hpc203,hpc205,hpc206,hpc208,hpc211,hpc212:Nodes hpc211 <-> hpc212:hpc211->IBSW_12->hpc212
984895.un05:hpc722,hpc714,hpc715,hpc716,hpc718:Nodes hpc722 <-> hpc714:hpc722->IBSW_41->hpc714
984895.un05:hpc722,hpc714,hpc715,hpc716,hpc718:Nodes hpc722 <-> hpc715:hpc722->IBSW_41->hpc715
984895.un05:hpc722,hpc714,hpc715,hpc716,hpc718:Nodes hpc722 <-> hpc716:hpc722->IBSW_41->hpc716
984895.un05:hpc722,hpc714,hpc715,hpc716,hpc718:Nodes hpc722 <-> hpc718:hpc722->IBSW_41->hpc718
984895.un05:hpc722,hpc714,hpc715,hpc716,hpc718:Nodes hpc714 <-> hpc715:hpc714->IBSW_41->hpc715
984895.un05:hpc722,hpc714,hpc715,hpc716,hpc718:Nodes hpc714 <-> hpc716:hpc714->IBSW_41->hpc716
984895.un05:hpc722,hpc714,hpc715,hpc716,hpc718:Nodes hpc714 <-> hpc718:hpc714->IBSW_41->hpc718
984895.un05:hpc722,hpc714,hpc715,hpc716,hpc718:Nodes hpc715 <-> hpc716:hpc715->IBSW_41->hpc716
984895.un05:hpc722,hpc714,hpc715,hpc716,hpc718:Nodes hpc715 <-> hpc718:hpc715->IBSW_41->hpc718
984895.un05:hpc722,hpc714,hpc715,hpc716,hpc718:Nodes hpc716 <-> hpc718:hpc716->IBSW_41->hpc718
984896.un05:hpc617,hpc622,hpc623,hpc625,hpc628:Nodes hpc617 <-> hpc622:hpc617->IBSW_36->hpc622
984896.un05:hpc617,hpc622,hpc623,hpc625,hpc628:Nodes hpc617 <-> hpc623:hpc617->IBSW_36->hpc623
984896.un05:hpc617,hpc622,hpc623,hpc625,hpc628:Nodes hpc617 <-> hpc625:hpc617->IBSW_36->hpc625
984896.un05:hpc617,hpc622,hpc623,hpc625,hpc628:Nodes hpc617 <-> hpc628:hpc617->IBSW_36->hpc628
984896.un05:hpc617,hpc622,hpc623,hpc625,hpc628:Nodes hpc622 <-> hpc623:hpc622->IBSW_36->hpc623
984896.un05:hpc617,hpc622,hpc623,hpc625,hpc628:Nodes hpc622 <-> hpc625:hpc622->IBSW_36->hpc625
984896.un05:hpc617,hpc622,hpc623,hpc625,hpc628:Nodes hpc622 <-> hpc628:hpc622->IBSW_36->hpc628
984896.un05:hpc617,hpc622,hpc623,hpc625,hpc628:Nodes hpc623 <-> hpc625:hpc623->IBSW_36->hpc625
984896.un05:hpc617,hpc622,hpc623,hpc625,hpc628:Nodes hpc623 <-> hpc628:hpc623->IBSW_36->hpc628
984896.un05:hpc617,hpc622,hpc623,hpc625,hpc628:Nodes hpc625 <-> hpc628:hpc625->IBSW_36->hpc628
984900.un05:hpc254,hpc252,hpc253,hpc255,hpc257,hpc262,hpc263:Nodes hpc254 <-> hpc252:hpc254->IBSW_15->hpc252
984900.un05:hpc254,hpc252,hpc253,hpc255,hpc257,hpc262,hpc263:Nodes hpc254 <-> hpc253:hpc254->IBSW_15->hpc253
984900.un05:hpc254,hpc252,hpc253,hpc255,hpc257,hpc262,hpc263:Nodes hpc254 <-> hpc255:hpc254->IBSW_15->hpc255
984900.un05:hpc254,hpc252,hpc253,hpc255,hpc257,hpc262,hpc263:Nodes hpc254 <-> hpc257:hpc254->IBSW_15->hpc257
984900.un05:hpc254,hpc252,hpc253,hpc255,hpc257,hpc262,hpc263:Nodes hpc254 <-> hpc262:hpc254->IBSW_15->hpc262
984900.un05:hpc254,hpc252,hpc253,hpc255,hpc257,hpc262,hpc263:Nodes hpc254 <-> hpc263:hpc254->IBSW_15->hpc263
984900.un05:hpc254,hpc252,hpc253,hpc255,hpc257,hpc262,hpc263:Nodes hpc252 <-> hpc253:hpc252->IBSW_15->hpc253
984900.un05:hpc254,hpc252,hpc253,hpc255,hpc257,hpc262,hpc263:Nodes hpc252 <-> hpc255:hpc252->IBSW_15->hpc255
984900.un05:hpc254,hpc252,hpc253,hpc255,hpc257,hpc262,hpc263:Nodes hpc252 <-> hpc257:hpc252->IBSW_15->hpc257
984900.un05:hpc254,hpc252,hpc253,hpc255,hpc257,hpc262,hpc263:Nodes hpc252 <-> hpc262:hpc252->IBSW_15->hpc262
984900.un05:hpc254,hpc252,hpc253,hpc255,hpc257,hpc262,hpc263:Nodes hpc252 <-> hpc263:hpc252->IBSW_15->hpc263
984900.un05:hpc254,hpc252,hpc253,hpc255,hpc257,hpc262,hpc263:Nodes hpc253 <-> hpc255:hpc253->IBSW_15->hpc255
984900.un05:hpc254,hpc252,hpc253,hpc255,hpc257,hpc262,hpc263:Nodes hpc253 <-> hpc257:hpc253->IBSW_15->hpc257
984900.un05:hpc254,hpc252,hpc253,hpc255,hpc257,hpc262,hpc263:Nodes hpc253 <-> hpc262:hpc253->IBSW_15->hpc262
984900.un05:hpc254,hpc252,hpc253,hpc255,hpc257,hpc262,hpc263:Nodes hpc253 <-> hpc263:hpc253->IBSW_15->hpc263
984900.un05:hpc254,hpc252,hpc253,hpc255,hpc257,hpc262,hpc263:Nodes hpc255 <-> hpc257:hpc255->IBSW_15->hpc257
984900.un05:hpc254,hpc252,hpc253,hpc255,hpc257,hpc262,hpc263:Nodes hpc255 <-> hpc262:hpc255->IBSW_15->hpc262
984900.un05:hpc254,hpc252,hpc253,hpc255,hpc257,hpc262,hpc263:Nodes hpc255 <-> hpc263:hpc255->IBSW_15->hpc263
984900.un05:hpc254,hpc252,hpc253,hpc255,hpc257,hpc262,hpc263:Nodes hpc257 <-> hpc262:hpc257->IBSW_15->hpc262
984900.un05:hpc254,hpc252,hpc253,hpc255,hpc257,hpc262,hpc263:Nodes hpc257 <-> hpc263:hpc257->IBSW_15->hpc263
984900.un05:hpc254,hpc252,hpc253,hpc255,hpc257,hpc262,hpc263:Nodes hpc262 <-> hpc263:hpc262->IBSW_15->hpc263
984901.un05:hpc832,hpc826:Nodes hpc832 <-> hpc826:hpc832->IBSW_49->hpc826
984964.un05:hpc813,hpc815:Nodes hpc813 <-> hpc815:hpc813->IBSW_48->hpc815
984965.un05:hpc516,hpc517:Nodes hpc516 <-> hpc517:hpc516->IBSW_30->hpc517
984966.un05:hpc231,hpc232,hpc233,hpc235,hpc236,hpc237:Nodes hpc231 <-> hpc232:hpc231->IBSW_14->hpc232
984966.un05:hpc231,hpc232,hpc233,hpc235,hpc236,hpc237:Nodes hpc231 <-> hpc233:hpc231->IBSW_14->hpc233
984966.un05:hpc231,hpc232,hpc233,hpc235,hpc236,hpc237:Nodes hpc231 <-> hpc235:hpc231->IBSW_14->hpc235
984966.un05:hpc231,hpc232,hpc233,hpc235,hpc236,hpc237:Nodes hpc231 <-> hpc236:hpc231->IBSW_14->hpc236
984966.un05:hpc231,hpc232,hpc233,hpc235,hpc236,hpc237:Nodes hpc231 <-> hpc237:hpc231->IBSW_14->hpc237
984966.un05:hpc231,hpc232,hpc233,hpc235,hpc236,hpc237:Nodes hpc232 <-> hpc233:hpc232->IBSW_14->hpc233
984966.un05:hpc231,hpc232,hpc233,hpc235,hpc236,hpc237:Nodes hpc232 <-> hpc235:hpc232->IBSW_14->hpc235
984966.un05:hpc231,hpc232,hpc233,hpc235,hpc236,hpc237:Nodes hpc232 <-> hpc236:hpc232->IBSW_14->hpc236
984966.un05:hpc231,hpc232,hpc233,hpc235,hpc236,hpc237:Nodes hpc232 <-> hpc237:hpc232->IBSW_14->hpc237
984966.un05:hpc231,hpc232,hpc233,hpc235,hpc236,hpc237:Nodes hpc233 <-> hpc235:hpc233->IBSW_14->hpc235
984966.un05:hpc231,hpc232,hpc233,hpc235,hpc236,hpc237:Nodes hpc233 <-> hpc236:hpc233->IBSW_14->hpc236
984966.un05:hpc231,hpc232,hpc233,hpc235,hpc236,hpc237:Nodes hpc233 <-> hpc237:hpc233->IBSW_14->hpc237
984966.un05:hpc231,hpc232,hpc233,hpc235,hpc236,hpc237:Nodes hpc235 <-> hpc236:hpc235->IBSW_14->hpc236
984966.un05:hpc231,hpc232,hpc233,hpc235,hpc236,hpc237:Nodes hpc235 <-> hpc237:hpc235->IBSW_14->hpc237
984966.un05:hpc231,hpc232,hpc233,hpc235,hpc236,hpc237:Nodes hpc236 <-> hpc237:hpc236->IBSW_14->hpc237
985184.un05:hpc021,hpc095,hpc144,hpc192,hpc226,hpc234,hpc259:Nodes hpc021 <-> hpc095:hpc021->IBSW_02->IBB1_SW_L01->IBB1_SW_S13->IBB1_SW_L03->IBSW_06->hpc095
985184.un05:hpc021,hpc095,hpc144,hpc192,hpc226,hpc234,hpc259:Nodes hpc021 <-> hpc144:hpc021->IBSW_02->IBB2_SW_L01->IBB2_SW_S01->IBB2_SW_L05->IBSW_09->hpc144
985184.un05:hpc021,hpc095,hpc144,hpc192,hpc226,hpc234,hpc259:Nodes hpc021 <-> hpc192:hpc021->IBSW_02->IBB2_SW_L01->IBB2_SW_S08->IBB2_SW_L06->IBSW_11->hpc192
985184.un05:hpc021,hpc095,hpc144,hpc192,hpc226,hpc234,hpc259:Nodes hpc021 <-> hpc226:hpc021->IBSW_02->IBB1_SW_L01->IBB1_SW_S07->IBB1_SW_L07->IBSW_13->hpc226
985184.un05:hpc021,hpc095,hpc144,hpc192,hpc226,hpc234,hpc259:Nodes hpc021 <-> hpc234:hpc021->IBSW_02->IBB2_SW_L01->IBB2_SW_S11->IBB2_SW_L07->IBSW_14->hpc234
985184.un05:hpc021,hpc095,hpc144,hpc192,hpc226,hpc234,hpc259:Nodes hpc021 <-> hpc259:hpc021->IBSW_02->IBB1_SW_L01->IBB1_SW_S06->IBB1_SW_L08->IBSW_15->hpc259
985184.un05:hpc021,hpc095,hpc144,hpc192,hpc226,hpc234,hpc259:Nodes hpc095 <-> hpc144:hpc095->IBSW_06->IBB2_SW_L03->IBB2_SW_S01->IBB2_SW_L05->IBSW_09->hpc144
985184.un05:hpc021,hpc095,hpc144,hpc192,hpc226,hpc234,hpc259:Nodes hpc095 <-> hpc192:hpc095->IBSW_06->IBB2_SW_L03->IBB2_SW_S08->IBB2_SW_L06->IBSW_11->hpc192
985184.un05:hpc021,hpc095,hpc144,hpc192,hpc226,hpc234,hpc259:Nodes hpc095 <-> hpc226:hpc095->IBSW_06->IBB1_SW_L03->IBB1_SW_S07->IBB1_SW_L07->IBSW_13->hpc226
985184.un05:hpc021,hpc095,hpc144,hpc192,hpc226,hpc234,hpc259:Nodes hpc095 <-> hpc234:hpc095->IBSW_06->IBB2_SW_L03->IBB2_SW_S11->IBB2_SW_L07->IBSW_14->hpc234
985184.un05:hpc021,hpc095,hpc144,hpc192,hpc226,hpc234,hpc259:Nodes hpc095 <-> hpc259:hpc095->IBSW_06->IBB1_SW_L03->IBB1_SW_S06->IBB1_SW_L08->IBSW_15->hpc259
985184.un05:hpc021,hpc095,hpc144,hpc192,hpc226,hpc234,hpc259:Nodes hpc144 <-> hpc192:hpc144->IBSW_09->IBB2_SW_L05->IBB2_SW_S08->IBB2_SW_L06->IBSW_11->hpc192
985184.un05:hpc021,hpc095,hpc144,hpc192,hpc226,hpc234,hpc259:Nodes hpc144 <-> hpc226:hpc144->IBSW_09->IBB1_SW_L05->IBB1_SW_S07->IBB1_SW_L07->IBSW_13->hpc226
985184.un05:hpc021,hpc095,hpc144,hpc192,hpc226,hpc234,hpc259:Nodes hpc144 <-> hpc234:hpc144->IBSW_09->IBB2_SW_L05->IBB2_SW_S11->IBB2_SW_L07->IBSW_14->hpc234
985184.un05:hpc021,hpc095,hpc144,hpc192,hpc226,hpc234,hpc259:Nodes hpc144 <-> hpc259:hpc144->IBSW_09->IBB1_SW_L05->IBB1_SW_S06->IBB1_SW_L08->IBSW_15->hpc259
985184.un05:hpc021,hpc095,hpc144,hpc192,hpc226,hpc234,hpc259:Nodes hpc192 <-> hpc226:hpc192->IBSW_11->IBB1_SW_L06->IBB1_SW_S07->IBB1_SW_L07->IBSW_13->hpc226
985184.un05:hpc021,hpc095,hpc144,hpc192,hpc226,hpc234,hpc259:Nodes hpc192 <-> hpc234:hpc192->IBSW_11->IBB2_SW_L06->IBB2_SW_S11->IBB2_SW_L07->IBSW_14->hpc234
985184.un05:hpc021,hpc095,hpc144,hpc192,hpc226,hpc234,hpc259:Nodes hpc192 <-> hpc259:hpc192->IBSW_11->IBB1_SW_L06->IBB1_SW_S06->IBB1_SW_L08->IBSW_15->hpc259
985184.un05:hpc021,hpc095,hpc144,hpc192,hpc226,hpc234,hpc259:Nodes hpc226 <-> hpc234:hpc226->IBSW_13->IBB2_SW_L07->IBSW_14->hpc234
985184.un05:hpc021,hpc095,hpc144,hpc192,hpc226,hpc234,hpc259:Nodes hpc226 <-> hpc259:hpc226->IBSW_13->IBB1_SW_L07->IBB1_SW_S06->IBB1_SW_L08->IBSW_15->hpc259
985184.un05:hpc021,hpc095,hpc144,hpc192,hpc226,hpc234,hpc259:Nodes hpc234 <-> hpc259:hpc234->IBSW_14->IBB1_SW_L07->IBB1_SW_S06->IBB1_SW_L08->IBSW_15->hpc259
985220.un05:hpc294,hpc303,hpc306,hpc362,hpc363,hpc393,hpc404,hpc419,hpc425,hpc461:Nodes hpc294 <-> hpc303:hpc294->IBSW_17->IBB1_SW_L09->IBSW_18->hpc303
985220.un05:hpc294,hpc303,hpc306,hpc362,hpc363,hpc393,hpc404,hpc419,hpc425,hpc461:Nodes hpc294 <-> hpc306:hpc294->IBSW_17->IBB1_SW_L09->IBSW_18->hpc306
985220.un05:hpc294,hpc303,hpc306,hpc362,hpc363,hpc393,hpc404,hpc419,hpc425,hpc461:Nodes hpc294 <-> hpc362:hpc294->IBSW_17->IBB2_SW_L09->IBB2_SW_S05->IBB2_SW_L11->IBSW_21->hpc362
985220.un05:hpc294,hpc303,hpc306,hpc362,hpc363,hpc393,hpc404,hpc419,hpc425,hpc461:Nodes hpc294 <-> hpc363:hpc294->IBSW_17->IBB1_SW_L09->IBB1_SW_S06->IBB1_SW_L11->IBSW_21->hpc363
985220.un05:hpc294,hpc303,hpc306,hpc362,hpc363,hpc393,hpc404,hpc419,hpc425,hpc461:Nodes hpc294 <-> hpc393:hpc294->IBSW_17->IBB1_SW_L09->IBB1_SW_S03->IBB1_SW_L12->IBSW_23->hpc393
985220.un05:hpc294,hpc303,hpc306,hpc362,hpc363,hpc393,hpc404,hpc419,hpc425,hpc461:Nodes hpc294 <-> hpc404:hpc294->IBSW_17->IBB2_SW_L09->IBB2_SW_S08->IBB2_SW_L12->IBSW_23->hpc404
985220.un05:hpc294,hpc303,hpc306,hpc362,hpc363,hpc393,hpc404,hpc419,hpc425,hpc461:Nodes hpc294 <-> hpc419:hpc294->IBSW_17->IBB1_SW_L09->IBB1_SW_S16->IBB1_SW_L12->IBSW_24->hpc419
985220.un05:hpc294,hpc303,hpc306,hpc362,hpc363,hpc393,hpc404,hpc419,hpc425,hpc461:Nodes hpc294 <-> hpc425:hpc294->IBSW_17->IBB1_SW_L09->IBB1_SW_S01->IBB1_SW_L13->IBSW_25->hpc425
985220.un05:hpc294,hpc303,hpc306,hpc362,hpc363,hpc393,hpc404,hpc419,hpc425,hpc461:Nodes hpc294 <-> hpc461:hpc294->IBSW_17->IBB1_SW_L09->IBB1_SW_S02->IBB1_SW_L14->IBSW_27->hpc461
985220.un05:hpc294,hpc303,hpc306,hpc362,hpc363,hpc393,hpc404,hpc419,hpc425,hpc461:Nodes hpc303 <-> hpc306:hpc303->IBSW_18->hpc306
985220.un05:hpc294,hpc303,hpc306,hpc362,hpc363,hpc393,hpc404,hpc419,hpc425,hpc461:Nodes hpc303 <-> hpc362:hpc303->IBSW_18->IBB2_SW_L10->IBB2_SW_S05->IBB2_SW_L11->IBSW_21->hpc362
985220.un05:hpc294,hpc303,hpc306,hpc362,hpc363,hpc393,hpc404,hpc419,hpc425,hpc461:Nodes hpc303 <-> hpc363:hpc303->IBSW_18->IBB1_SW_L09->IBB1_SW_S06->IBB1_SW_L11->IBSW_21->hpc363
985220.un05:hpc294,hpc303,hpc306,hpc362,hpc363,hpc393,hpc404,hpc419,hpc425,hpc461:Nodes hpc303 <-> hpc393:hpc303->IBSW_18->IBB1_SW_L09->IBB1_SW_S03->IBB1_SW_L12->IBSW_23->hpc393
985220.un05:hpc294,hpc303,hpc306,hpc362,hpc363,hpc393,hpc404,hpc419,hpc425,hpc461:Nodes hpc303 <-> hpc404:hpc303->IBSW_18->IBB2_SW_L09->IBB2_SW_S08->IBB2_SW_L12->IBSW_23->hpc404
985220.un05:hpc294,hpc303,hpc306,hpc362,hpc363,hpc393,hpc404,hpc419,hpc425,hpc461:Nodes hpc303 <-> hpc419:hpc303->IBSW_18->IBB1_SW_L09->IBB1_SW_S16->IBB1_SW_L12->IBSW_24->hpc419
985220.un05:hpc294,hpc303,hpc306,hpc362,hpc363,hpc393,hpc404,hpc419,hpc425,hpc461:Nodes hpc303 <-> hpc425:hpc303->IBSW_18->IBB1_SW_L09->IBB1_SW_S01->IBB1_SW_L13->IBSW_25->hpc425
985220.un05:hpc294,hpc303,hpc306,hpc362,hpc363,hpc393,hpc404,hpc419,hpc425,hpc461:Nodes hpc303 <-> hpc461:hpc303->IBSW_18->IBB1_SW_L09->IBB1_SW_S02->IBB1_SW_L14->IBSW_27->hpc461
985220.un05:hpc294,hpc303,hpc306,hpc362,hpc363,hpc393,hpc404,hpc419,hpc425,hpc461:Nodes hpc306 <-> hpc362:hpc306->IBSW_18->IBB2_SW_L10->IBB2_SW_S05->IBB2_SW_L11->IBSW_21->hpc362
985220.un05:hpc294,hpc303,hpc306,hpc362,hpc363,hpc393,hpc404,hpc419,hpc425,hpc461:Nodes hpc306 <-> hpc363:hpc306->IBSW_18->IBB1_SW_L09->IBB1_SW_S06->IBB1_SW_L11->IBSW_21->hpc363
985220.un05:hpc294,hpc303,hpc306,hpc362,hpc363,hpc393,hpc404,hpc419,hpc425,hpc461:Nodes hpc306 <-> hpc393:hpc306->IBSW_18->IBB1_SW_L09->IBB1_SW_S03->IBB1_SW_L12->IBSW_23->hpc393
985220.un05:hpc294,hpc303,hpc306,hpc362,hpc363,hpc393,hpc404,hpc419,hpc425,hpc461:Nodes hpc306 <-> hpc404:hpc306->IBSW_18->IBB2_SW_L09->IBB2_SW_S08->IBB2_SW_L12->IBSW_23->hpc404
985220.un05:hpc294,hpc303,hpc306,hpc362,hpc363,hpc393,hpc404,hpc419,hpc425,hpc461:Nodes hpc306 <-> hpc419:hpc306->IBSW_18->IBB1_SW_L09->IBB1_SW_S16->IBB1_SW_L12->IBSW_24->hpc419
985220.un05:hpc294,hpc303,hpc306,hpc362,hpc363,hpc393,hpc404,hpc419,hpc425,hpc461:Nodes hpc306 <-> hpc425:hpc306->IBSW_18->IBB1_SW_L09->IBB1_SW_S01->IBB1_SW_L13->IBSW_25->hpc425
985220.un05:hpc294,hpc303,hpc306,hpc362,hpc363,hpc393,hpc404,hpc419,hpc425,hpc461:Nodes hpc306 <-> hpc461:hpc306->IBSW_18->IBB1_SW_L09->IBB1_SW_S02->IBB1_SW_L14->IBSW_27->hpc461
985220.un05:hpc294,hpc303,hpc306,hpc362,hpc363,hpc393,hpc404,hpc419,hpc425,hpc461:Nodes hpc362 <-> hpc363:hpc362->IBSW_21->hpc363
985220.un05:hpc294,hpc303,hpc306,hpc362,hpc363,hpc393,hpc404,hpc419,hpc425,hpc461:Nodes hpc362 <-> hpc393:hpc362->IBSW_21->IBB1_SW_L11->IBB1_SW_S03->IBB1_SW_L12->IBSW_23->hpc393
985220.un05:hpc294,hpc303,hpc306,hpc362,hpc363,hpc393,hpc404,hpc419,hpc425,hpc461:Nodes hpc362 <-> hpc404:hpc362->IBSW_21->IBB2_SW_L11->IBB2_SW_S08->IBB2_SW_L12->IBSW_23->hpc404
985220.un05:hpc294,hpc303,hpc306,hpc362,hpc363,hpc393,hpc404,hpc419,hpc425,hpc461:Nodes hpc362 <-> hpc419:hpc362->IBSW_21->IBB1_SW_L11->IBB1_SW_S16->IBB1_SW_L12->IBSW_24->hpc419
985220.un05:hpc294,hpc303,hpc306,hpc362,hpc363,hpc393,hpc404,hpc419,hpc425,hpc461:Nodes hpc362 <-> hpc425:hpc362->IBSW_21->IBB1_SW_L11->IBB1_SW_S01->IBB1_SW_L13->IBSW_25->hpc425
985220.un05:hpc294,hpc303,hpc306,hpc362,hpc363,hpc393,hpc404,hpc419,hpc425,hpc461:Nodes hpc362 <-> hpc461:hpc362->IBSW_21->IBB1_SW_L11->IBB1_SW_S02->IBB1_SW_L14->IBSW_27->hpc461
985220.un05:hpc294,hpc303,hpc306,hpc362,hpc363,hpc393,hpc404,hpc419,hpc425,hpc461:Nodes hpc363 <-> hpc393:hpc363->IBSW_21->IBB1_SW_L11->IBB1_SW_S03->IBB1_SW_L12->IBSW_23->hpc393
985220.un05:hpc294,hpc303,hpc306,hpc362,hpc363,hpc393,hpc404,hpc419,hpc425,hpc461:Nodes hpc363 <-> hpc404:hpc363->IBSW_21->IBB2_SW_L11->IBB2_SW_S08->IBB2_SW_L12->IBSW_23->hpc404
985220.un05:hpc294,hpc303,hpc306,hpc362,hpc363,hpc393,hpc404,hpc419,hpc425,hpc461:Nodes hpc363 <-> hpc419:hpc363->IBSW_21->IBB1_SW_L11->IBB1_SW_S16->IBB1_SW_L12->IBSW_24->hpc419
985220.un05:hpc294,hpc303,hpc306,hpc362,hpc363,hpc393,hpc404,hpc419,hpc425,hpc461:Nodes hpc363 <-> hpc425:hpc363->IBSW_21->IBB1_SW_L11->IBB1_SW_S01->IBB1_SW_L13->IBSW_25->hpc425
985220.un05:hpc294,hpc303,hpc306,hpc362,hpc363,hpc393,hpc404,hpc419,hpc425,hpc461:Nodes hpc363 <-> hpc461:hpc363->IBSW_21->IBB1_SW_L11->IBB1_SW_S02->IBB1_SW_L14->IBSW_27->hpc461
985220.un05:hpc294,hpc303,hpc306,hpc362,hpc363,hpc393,hpc404,hpc419,hpc425,hpc461:Nodes hpc393 <-> hpc404:hpc393->IBSW_23->hpc404
985220.un05:hpc294,hpc303,hpc306,hpc362,hpc363,hpc393,hpc404,hpc419,hpc425,hpc461:Nodes hpc393 <-> hpc419:hpc393->IBSW_23->IBB1_SW_L12->IBSW_24->hpc419
985220.un05:hpc294,hpc303,hpc306,hpc362,hpc363,hpc393,hpc404,hpc419,hpc425,hpc461:Nodes hpc393 <-> hpc425:hpc393->IBSW_23->IBB1_SW_L12->IBB1_SW_S01->IBB1_SW_L13->IBSW_25->hpc425
985220.un05:hpc294,hpc303,hpc306,hpc362,hpc363,hpc393,hpc404,hpc419,hpc425,hpc461:Nodes hpc393 <-> hpc461:hpc393->IBSW_23->IBB1_SW_L12->IBB1_SW_S02->IBB1_SW_L14->IBSW_27->hpc461
985220.un05:hpc294,hpc303,hpc306,hpc362,hpc363,hpc393,hpc404,hpc419,hpc425,hpc461:Nodes hpc404 <-> hpc419:hpc404->IBSW_23->IBB1_SW_L12->IBSW_24->hpc419
985220.un05:hpc294,hpc303,hpc306,hpc362,hpc363,hpc393,hpc404,hpc419,hpc425,hpc461:Nodes hpc404 <-> hpc425:hpc404->IBSW_23->IBB1_SW_L12->IBB1_SW_S01->IBB1_SW_L13->IBSW_25->hpc425
985220.un05:hpc294,hpc303,hpc306,hpc362,hpc363,hpc393,hpc404,hpc419,hpc425,hpc461:Nodes hpc404 <-> hpc461:hpc404->IBSW_23->IBB1_SW_L12->IBB1_SW_S02->IBB1_SW_L14->IBSW_27->hpc461
985220.un05:hpc294,hpc303,hpc306,hpc362,hpc363,hpc393,hpc404,hpc419,hpc425,hpc461:Nodes hpc419 <-> hpc425:hpc419->IBSW_24->IBB1_SW_L12->IBB1_SW_S01->IBB1_SW_L13->IBSW_25->hpc425
985220.un05:hpc294,hpc303,hpc306,hpc362,hpc363,hpc393,hpc404,hpc419,hpc425,hpc461:Nodes hpc419 <-> hpc461:hpc419->IBSW_24->IBB1_SW_L12->IBB1_SW_S02->IBB1_SW_L14->IBSW_27->hpc461
985220.un05:hpc294,hpc303,hpc306,hpc362,hpc363,hpc393,hpc404,hpc419,hpc425,hpc461:Nodes hpc425 <-> hpc461:hpc425->IBSW_25->IBB1_SW_L13->IBB1_SW_S02->IBB1_SW_L14->IBSW_27->hpc461
985289.un05:hpc109,hpc111,hpc112,hpc113,hpc116,hpc119:Nodes hpc109 <-> hpc111:hpc109->IBSW_07->hpc111
985289.un05:hpc109,hpc111,hpc112,hpc113,hpc116,hpc119:Nodes hpc109 <-> hpc112:hpc109->IBSW_07->hpc112
985289.un05:hpc109,hpc111,hpc112,hpc113,hpc116,hpc119:Nodes hpc109 <-> hpc113:hpc109->IBSW_07->hpc113
985289.un05:hpc109,hpc111,hpc112,hpc113,hpc116,hpc119:Nodes hpc109 <-> hpc116:hpc109->IBSW_07->hpc116
985289.un05:hpc109,hpc111,hpc112,hpc113,hpc116,hpc119:Nodes hpc109 <-> hpc119:hpc109->IBSW_07->hpc119
985289.un05:hpc109,hpc111,hpc112,hpc113,hpc116,hpc119:Nodes hpc111 <-> hpc112:hpc111->IBSW_07->hpc112
985289.un05:hpc109,hpc111,hpc112,hpc113,hpc116,hpc119:Nodes hpc111 <-> hpc113:hpc111->IBSW_07->hpc113
985289.un05:hpc109,hpc111,hpc112,hpc113,hpc116,hpc119:Nodes hpc111 <-> hpc116:hpc111->IBSW_07->hpc116
985289.un05:hpc109,hpc111,hpc112,hpc113,hpc116,hpc119:Nodes hpc111 <-> hpc119:hpc111->IBSW_07->hpc119
985289.un05:hpc109,hpc111,hpc112,hpc113,hpc116,hpc119:Nodes hpc112 <-> hpc113:hpc112->IBSW_07->hpc113
985289.un05:hpc109,hpc111,hpc112,hpc113,hpc116,hpc119:Nodes hpc112 <-> hpc116:hpc112->IBSW_07->hpc116
985289.un05:hpc109,hpc111,hpc112,hpc113,hpc116,hpc119:Nodes hpc112 <-> hpc119:hpc112->IBSW_07->hpc119
985289.un05:hpc109,hpc111,hpc112,hpc113,hpc116,hpc119:Nodes hpc113 <-> hpc116:hpc113->IBSW_07->hpc116
985289.un05:hpc109,hpc111,hpc112,hpc113,hpc116,hpc119:Nodes hpc113 <-> hpc119:hpc113->IBSW_07->hpc119
985289.un05:hpc109,hpc111,hpc112,hpc113,hpc116,hpc119:Nodes hpc116 <-> hpc119:hpc116->IBSW_07->hpc119
985292.un05:hpc523,hpc518:Nodes hpc523 <-> hpc518:hpc523->IBSW_30->hpc518
985298.un05:hpc288,hpc290,hpc300,hpc283,hpc284,hpc285:Nodes hpc288 <-> hpc290:hpc288->IBSW_17->hpc290
985298.un05:hpc288,hpc290,hpc300,hpc283,hpc284,hpc285:Nodes hpc288 <-> hpc300:hpc288->IBSW_17->hpc300
985298.un05:hpc288,hpc290,hpc300,hpc283,hpc284,hpc285:Nodes hpc288 <-> hpc283:hpc288->IBSW_17->hpc283
985298.un05:hpc288,hpc290,hpc300,hpc283,hpc284,hpc285:Nodes hpc288 <-> hpc284:hpc288->IBSW_17->hpc284
985298.un05:hpc288,hpc290,hpc300,hpc283,hpc284,hpc285:Nodes hpc288 <-> hpc285:hpc288->IBSW_17->hpc285
985298.un05:hpc288,hpc290,hpc300,hpc283,hpc284,hpc285:Nodes hpc290 <-> hpc300:hpc290->IBSW_17->hpc300
985298.un05:hpc288,hpc290,hpc300,hpc283,hpc284,hpc285:Nodes hpc290 <-> hpc283:hpc290->IBSW_17->hpc283
985298.un05:hpc288,hpc290,hpc300,hpc283,hpc284,hpc285:Nodes hpc290 <-> hpc284:hpc290->IBSW_17->hpc284
985298.un05:hpc288,hpc290,hpc300,hpc283,hpc284,hpc285:Nodes hpc290 <-> hpc285:hpc290->IBSW_17->hpc285
985298.un05:hpc288,hpc290,hpc300,hpc283,hpc284,hpc285:Nodes hpc300 <-> hpc283:hpc300->IBSW_17->hpc283
985298.un05:hpc288,hpc290,hpc300,hpc283,hpc284,hpc285:Nodes hpc300 <-> hpc284:hpc300->IBSW_17->hpc284
985298.un05:hpc288,hpc290,hpc300,hpc283,hpc284,hpc285:Nodes hpc300 <-> hpc285:hpc300->IBSW_17->hpc285
985298.un05:hpc288,hpc290,hpc300,hpc283,hpc284,hpc285:Nodes hpc283 <-> hpc284:hpc283->IBSW_17->hpc284
985298.un05:hpc288,hpc290,hpc300,hpc283,hpc284,hpc285:Nodes hpc283 <-> hpc285:hpc283->IBSW_17->hpc285
985298.un05:hpc288,hpc290,hpc300,hpc283,hpc284,hpc285:Nodes hpc284 <-> hpc285:hpc284->IBSW_17->hpc285
985336.un05:hpc250,hpc258,hpc261,hpc277,hpc281,hpc270:Nodes hpc250 <-> hpc258:hpc250->IBSW_15->hpc258
985336.un05:hpc250,hpc258,hpc261,hpc277,hpc281,hpc270:Nodes hpc250 <-> hpc261:hpc250->IBSW_15->hpc261
985336.un05:hpc250,hpc258,hpc261,hpc277,hpc281,hpc270:Nodes hpc250 <-> hpc277:hpc250->IBSW_15->IBB1_SW_L08->IBSW_16->hpc277
985336.un05:hpc250,hpc258,hpc261,hpc277,hpc281,hpc270:Nodes hpc250 <-> hpc281:hpc250->IBSW_15->IBB1_SW_L08->IBSW_16->hpc281
985336.un05:hpc250,hpc258,hpc261,hpc277,hpc281,hpc270:Nodes hpc250 <-> hpc270:hpc250->IBSW_15->IBB2_SW_L08->IBSW_16->hpc270
985336.un05:hpc250,hpc258,hpc261,hpc277,hpc281,hpc270:Nodes hpc258 <-> hpc261:hpc258->IBSW_15->hpc261
985336.un05:hpc250,hpc258,hpc261,hpc277,hpc281,hpc270:Nodes hpc258 <-> hpc277:hpc258->IBSW_15->IBB1_SW_L08->IBSW_16->hpc277
985336.un05:hpc250,hpc258,hpc261,hpc277,hpc281,hpc270:Nodes hpc258 <-> hpc281:hpc258->IBSW_15->IBB1_SW_L08->IBSW_16->hpc281
985336.un05:hpc250,hpc258,hpc261,hpc277,hpc281,hpc270:Nodes hpc258 <-> hpc270:hpc258->IBSW_15->IBB2_SW_L08->IBSW_16->hpc270
985336.un05:hpc250,hpc258,hpc261,hpc277,hpc281,hpc270:Nodes hpc261 <-> hpc277:hpc261->IBSW_15->IBB1_SW_L08->IBSW_16->hpc277
985336.un05:hpc250,hpc258,hpc261,hpc277,hpc281,hpc270:Nodes hpc261 <-> hpc281:hpc261->IBSW_15->IBB1_SW_L08->IBSW_16->hpc281
985336.un05:hpc250,hpc258,hpc261,hpc277,hpc281,hpc270:Nodes hpc261 <-> hpc270:hpc261->IBSW_15->IBB2_SW_L08->IBSW_16->hpc270
985336.un05:hpc250,hpc258,hpc261,hpc277,hpc281,hpc270:Nodes hpc277 <-> hpc281:hpc277->IBSW_16->hpc281
985336.un05:hpc250,hpc258,hpc261,hpc277,hpc281,hpc270:Nodes hpc277 <-> hpc270:hpc277->IBSW_16->hpc270
985336.un05:hpc250,hpc258,hpc261,hpc277,hpc281,hpc270:Nodes hpc281 <-> hpc270:hpc281->IBSW_16->hpc270
985346.un05:hpc055,hpc064,hpc069,hpc057,hpc062,hpc072:Nodes hpc055 <-> hpc064:hpc055->IBSW_04->hpc064
985346.un05:hpc055,hpc064,hpc069,hpc057,hpc062,hpc072:Nodes hpc055 <-> hpc069:hpc055->IBSW_04->hpc069
985346.un05:hpc055,hpc064,hpc069,hpc057,hpc062,hpc072:Nodes hpc055 <-> hpc057:hpc055->IBSW_04->hpc057
985346.un05:hpc055,hpc064,hpc069,hpc057,hpc062,hpc072:Nodes hpc055 <-> hpc062:hpc055->IBSW_04->hpc062
985346.un05:hpc055,hpc064,hpc069,hpc057,hpc062,hpc072:Nodes hpc055 <-> hpc072:hpc055->IBSW_04->hpc072
985346.un05:hpc055,hpc064,hpc069,hpc057,hpc062,hpc072:Nodes hpc064 <-> hpc069:hpc064->IBSW_04->hpc069
985346.un05:hpc055,hpc064,hpc069,hpc057,hpc062,hpc072:Nodes hpc064 <-> hpc057:hpc064->IBSW_04->hpc057
985346.un05:hpc055,hpc064,hpc069,hpc057,hpc062,hpc072:Nodes hpc064 <-> hpc062:hpc064->IBSW_04->hpc062
985346.un05:hpc055,hpc064,hpc069,hpc057,hpc062,hpc072:Nodes hpc064 <-> hpc072:hpc064->IBSW_04->hpc072
985346.un05:hpc055,hpc064,hpc069,hpc057,hpc062,hpc072:Nodes hpc069 <-> hpc057:hpc069->IBSW_04->hpc057
985346.un05:hpc055,hpc064,hpc069,hpc057,hpc062,hpc072:Nodes hpc069 <-> hpc062:hpc069->IBSW_04->hpc062
985346.un05:hpc055,hpc064,hpc069,hpc057,hpc062,hpc072:Nodes hpc069 <-> hpc072:hpc069->IBSW_04->hpc072
985346.un05:hpc055,hpc064,hpc069,hpc057,hpc062,hpc072:Nodes hpc057 <-> hpc062:hpc057->IBSW_04->hpc062
985346.un05:hpc055,hpc064,hpc069,hpc057,hpc062,hpc072:Nodes hpc057 <-> hpc072:hpc057->IBSW_04->hpc072
985346.un05:hpc055,hpc064,hpc069,hpc057,hpc062,hpc072:Nodes hpc062 <-> hpc072:hpc062->IBSW_04->hpc072
985347.un05:hpc696,hpc690:Nodes hpc696 <-> hpc690:hpc696->IBSW_40->hpc690
985350.un05:hpc702,hpc699:Nodes hpc702 <-> hpc699:hpc702->IBSW_40->hpc699
985352.un05:hpc426,hpc429,hpc432,hpc438,hpc439,hpc431:Nodes hpc426 <-> hpc429:hpc426->IBSW_25->hpc429
985352.un05:hpc426,hpc429,hpc432,hpc438,hpc439,hpc431:Nodes hpc426 <-> hpc432:hpc426->IBSW_25->hpc432
985352.un05:hpc426,hpc429,hpc432,hpc438,hpc439,hpc431:Nodes hpc426 <-> hpc438:hpc426->IBSW_25->hpc438
985352.un05:hpc426,hpc429,hpc432,hpc438,hpc439,hpc431:Nodes hpc426 <-> hpc439:hpc426->IBSW_25->hpc439
985352.un05:hpc426,hpc429,hpc432,hpc438,hpc439,hpc431:Nodes hpc426 <-> hpc431:hpc426->IBSW_25->hpc431
985352.un05:hpc426,hpc429,hpc432,hpc438,hpc439,hpc431:Nodes hpc429 <-> hpc432:hpc429->IBSW_25->hpc432
985352.un05:hpc426,hpc429,hpc432,hpc438,hpc439,hpc431:Nodes hpc429 <-> hpc438:hpc429->IBSW_25->hpc438
985352.un05:hpc426,hpc429,hpc432,hpc438,hpc439,hpc431:Nodes hpc429 <-> hpc439:hpc429->IBSW_25->hpc439
985352.un05:hpc426,hpc429,hpc432,hpc438,hpc439,hpc431:Nodes hpc429 <-> hpc431:hpc429->IBSW_25->hpc431
985352.un05:hpc426,hpc429,hpc432,hpc438,hpc439,hpc431:Nodes hpc432 <-> hpc438:hpc432->IBSW_25->hpc438
985352.un05:hpc426,hpc429,hpc432,hpc438,hpc439,hpc431:Nodes hpc432 <-> hpc439:hpc432->IBSW_25->hpc439
985352.un05:hpc426,hpc429,hpc432,hpc438,hpc439,hpc431:Nodes hpc432 <-> hpc431:hpc432->IBSW_25->hpc431
985352.un05:hpc426,hpc429,hpc432,hpc438,hpc439,hpc431:Nodes hpc438 <-> hpc439:hpc438->IBSW_25->hpc439
985352.un05:hpc426,hpc429,hpc432,hpc438,hpc439,hpc431:Nodes hpc438 <-> hpc431:hpc438->IBSW_25->hpc431
985352.un05:hpc426,hpc429,hpc432,hpc438,hpc439,hpc431:Nodes hpc439 <-> hpc431:hpc439->IBSW_25->hpc431
985357.un05:hpc762,hpc764:Nodes hpc762 <-> hpc764:hpc762->IBSW_44->hpc764
985431.un05:hpc077,hpc088,hpc080,hpc074,hpc073,hpc075,hpc076,hpc081,hpc083,hpc084,hpc085,hpc089:Nodes hpc077 <-> hpc088:hpc077->IBSW_05->hpc088
985431.un05:hpc077,hpc088,hpc080,hpc074,hpc073,hpc075,hpc076,hpc081,hpc083,hpc084,hpc085,hpc089:Nodes hpc077 <-> hpc080:hpc077->IBSW_05->hpc080
985431.un05:hpc077,hpc088,hpc080,hpc074,hpc073,hpc075,hpc076,hpc081,hpc083,hpc084,hpc085,hpc089:Nodes hpc077 <-> hpc074:hpc077->IBSW_05->hpc074
985431.un05:hpc077,hpc088,hpc080,hpc074,hpc073,hpc075,hpc076,hpc081,hpc083,hpc084,hpc085,hpc089:Nodes hpc077 <-> hpc073:hpc077->IBSW_05->hpc073
985431.un05:hpc077,hpc088,hpc080,hpc074,hpc073,hpc075,hpc076,hpc081,hpc083,hpc084,hpc085,hpc089:Nodes hpc077 <-> hpc075:hpc077->IBSW_05->hpc075
985431.un05:hpc077,hpc088,hpc080,hpc074,hpc073,hpc075,hpc076,hpc081,hpc083,hpc084,hpc085,hpc089:Nodes hpc077 <-> hpc076:hpc077->IBSW_05->hpc076
985431.un05:hpc077,hpc088,hpc080,hpc074,hpc073,hpc075,hpc076,hpc081,hpc083,hpc084,hpc085,hpc089:Nodes hpc077 <-> hpc081:hpc077->IBSW_05->hpc081
985431.un05:hpc077,hpc088,hpc080,hpc074,hpc073,hpc075,hpc076,hpc081,hpc083,hpc084,hpc085,hpc089:Nodes hpc077 <-> hpc083:hpc077->IBSW_05->hpc083
985431.un05:hpc077,hpc088,hpc080,hpc074,hpc073,hpc075,hpc076,hpc081,hpc083,hpc084,hpc085,hpc089:Nodes hpc077 <-> hpc084:hpc077->IBSW_05->hpc084
985431.un05:hpc077,hpc088,hpc080,hpc074,hpc073,hpc075,hpc076,hpc081,hpc083,hpc084,hpc085,hpc089:Nodes hpc077 <-> hpc085:hpc077->IBSW_05->hpc085
985431.un05:hpc077,hpc088,hpc080,hpc074,hpc073,hpc075,hpc076,hpc081,hpc083,hpc084,hpc085,hpc089:Nodes hpc077 <-> hpc089:hpc077->IBSW_05->IBB1_SW_L03->IBSW_06->hpc089
985431.un05:hpc077,hpc088,hpc080,hpc074,hpc073,hpc075,hpc076,hpc081,hpc083,hpc084,hpc085,hpc089:Nodes hpc088 <-> hpc080:hpc088->IBSW_05->hpc080
985431.un05:hpc077,hpc088,hpc080,hpc074,hpc073,hpc075,hpc076,hpc081,hpc083,hpc084,hpc085,hpc089:Nodes hpc088 <-> hpc074:hpc088->IBSW_05->hpc074
985431.un05:hpc077,hpc088,hpc080,hpc074,hpc073,hpc075,hpc076,hpc081,hpc083,hpc084,hpc085,hpc089:Nodes hpc088 <-> hpc073:hpc088->IBSW_05->hpc073
985431.un05:hpc077,hpc088,hpc080,hpc074,hpc073,hpc075,hpc076,hpc081,hpc083,hpc084,hpc085,hpc089:Nodes hpc088 <-> hpc075:hpc088->IBSW_05->hpc075
985431.un05:hpc077,hpc088,hpc080,hpc074,hpc073,hpc075,hpc076,hpc081,hpc083,hpc084,hpc085,hpc089:Nodes hpc088 <-> hpc076:hpc088->IBSW_05->hpc076
985431.un05:hpc077,hpc088,hpc080,hpc074,hpc073,hpc075,hpc076,hpc081,hpc083,hpc084,hpc085,hpc089:Nodes hpc088 <-> hpc081:hpc088->IBSW_05->hpc081
985431.un05:hpc077,hpc088,hpc080,hpc074,hpc073,hpc075,hpc076,hpc081,hpc083,hpc084,hpc085,hpc089:Nodes hpc088 <-> hpc083:hpc088->IBSW_05->hpc083
985431.un05:hpc077,hpc088,hpc080,hpc074,hpc073,hpc075,hpc076,hpc081,hpc083,hpc084,hpc085,hpc089:Nodes hpc088 <-> hpc084:hpc088->IBSW_05->hpc084
985431.un05:hpc077,hpc088,hpc080,hpc074,hpc073,hpc075,hpc076,hpc081,hpc083,hpc084,hpc085,hpc089:Nodes hpc088 <-> hpc085:hpc088->IBSW_05->hpc085
985431.un05:hpc077,hpc088,hpc080,hpc074,hpc073,hpc075,hpc076,hpc081,hpc083,hpc084,hpc085,hpc089:Nodes hpc088 <-> hpc089:hpc088->IBSW_05->IBB1_SW_L03->IBSW_06->hpc089
985431.un05:hpc077,hpc088,hpc080,hpc074,hpc073,hpc075,hpc076,hpc081,hpc083,hpc084,hpc085,hpc089:Nodes hpc080 <-> hpc074:hpc080->IBSW_05->hpc074
985431.un05:hpc077,hpc088,hpc080,hpc074,hpc073,hpc075,hpc076,hpc081,hpc083,hpc084,hpc085,hpc089:Nodes hpc080 <-> hpc073:hpc080->IBSW_05->hpc073
985431.un05:hpc077,hpc088,hpc080,hpc074,hpc073,hpc075,hpc076,hpc081,hpc083,hpc084,hpc085,hpc089:Nodes hpc080 <-> hpc075:hpc080->IBSW_05->hpc075
985431.un05:hpc077,hpc088,hpc080,hpc074,hpc073,hpc075,hpc076,hpc081,hpc083,hpc084,hpc085,hpc089:Nodes hpc080 <-> hpc076:hpc080->IBSW_05->hpc076
985431.un05:hpc077,hpc088,hpc080,hpc074,hpc073,hpc075,hpc076,hpc081,hpc083,hpc084,hpc085,hpc089:Nodes hpc080 <-> hpc081:hpc080->IBSW_05->hpc081
985431.un05:hpc077,hpc088,hpc080,hpc074,hpc073,hpc075,hpc076,hpc081,hpc083,hpc084,hpc085,hpc089:Nodes hpc080 <-> hpc083:hpc080->IBSW_05->hpc083
985431.un05:hpc077,hpc088,hpc080,hpc074,hpc073,hpc075,hpc076,hpc081,hpc083,hpc084,hpc085,hpc089:Nodes hpc080 <-> hpc084:hpc080->IBSW_05->hpc084
985431.un05:hpc077,hpc088,hpc080,hpc074,hpc073,hpc075,hpc076,hpc081,hpc083,hpc084,hpc085,hpc089:Nodes hpc080 <-> hpc085:hpc080->IBSW_05->hpc085
985431.un05:hpc077,hpc088,hpc080,hpc074,hpc073,hpc075,hpc076,hpc081,hpc083,hpc084,hpc085,hpc089:Nodes hpc080 <-> hpc089:hpc080->IBSW_05->IBB1_SW_L03->IBSW_06->hpc089
985431.un05:hpc077,hpc088,hpc080,hpc074,hpc073,hpc075,hpc076,hpc081,hpc083,hpc084,hpc085,hpc089:Nodes hpc074 <-> hpc073:hpc074->IBSW_05->hpc073
985431.un05:hpc077,hpc088,hpc080,hpc074,hpc073,hpc075,hpc076,hpc081,hpc083,hpc084,hpc085,hpc089:Nodes hpc074 <-> hpc075:hpc074->IBSW_05->hpc075
985431.un05:hpc077,hpc088,hpc080,hpc074,hpc073,hpc075,hpc076,hpc081,hpc083,hpc084,hpc085,hpc089:Nodes hpc074 <-> hpc076:hpc074->IBSW_05->hpc076
985431.un05:hpc077,hpc088,hpc080,hpc074,hpc073,hpc075,hpc076,hpc081,hpc083,hpc084,hpc085,hpc089:Nodes hpc074 <-> hpc081:hpc074->IBSW_05->hpc081
985431.un05:hpc077,hpc088,hpc080,hpc074,hpc073,hpc075,hpc076,hpc081,hpc083,hpc084,hpc085,hpc089:Nodes hpc074 <-> hpc083:hpc074->IBSW_05->hpc083
985431.un05:hpc077,hpc088,hpc080,hpc074,hpc073,hpc075,hpc076,hpc081,hpc083,hpc084,hpc085,hpc089:Nodes hpc074 <-> hpc084:hpc074->IBSW_05->hpc084
985431.un05:hpc077,hpc088,hpc080,hpc074,hpc073,hpc075,hpc076,hpc081,hpc083,hpc084,hpc085,hpc089:Nodes hpc074 <-> hpc085:hpc074->IBSW_05->hpc085
985431.un05:hpc077,hpc088,hpc080,hpc074,hpc073,hpc075,hpc076,hpc081,hpc083,hpc084,hpc085,hpc089:Nodes hpc074 <-> hpc089:hpc074->IBSW_05->IBB1_SW_L03->IBSW_06->hpc089
985431.un05:hpc077,hpc088,hpc080,hpc074,hpc073,hpc075,hpc076,hpc081,hpc083,hpc084,hpc085,hpc089:Nodes hpc073 <-> hpc075:hpc073->IBSW_05->hpc075
985431.un05:hpc077,hpc088,hpc080,hpc074,hpc073,hpc075,hpc076,hpc081,hpc083,hpc084,hpc085,hpc089:Nodes hpc073 <-> hpc076:hpc073->IBSW_05->hpc076
985431.un05:hpc077,hpc088,hpc080,hpc074,hpc073,hpc075,hpc076,hpc081,hpc083,hpc084,hpc085,hpc089:Nodes hpc073 <-> hpc081:hpc073->IBSW_05->hpc081
985431.un05:hpc077,hpc088,hpc080,hpc074,hpc073,hpc075,hpc076,hpc081,hpc083,hpc084,hpc085,hpc089:Nodes hpc073 <-> hpc083:hpc073->IBSW_05->hpc083
985431.un05:hpc077,hpc088,hpc080,hpc074,hpc073,hpc075,hpc076,hpc081,hpc083,hpc084,hpc085,hpc089:Nodes hpc073 <-> hpc084:hpc073->IBSW_05->hpc084
985431.un05:hpc077,hpc088,hpc080,hpc074,hpc073,hpc075,hpc076,hpc081,hpc083,hpc084,hpc085,hpc089:Nodes hpc073 <-> hpc085:hpc073->IBSW_05->hpc085
985431.un05:hpc077,hpc088,hpc080,hpc074,hpc073,hpc075,hpc076,hpc081,hpc083,hpc084,hpc085,hpc089:Nodes hpc073 <-> hpc089:hpc073->IBSW_05->IBB1_SW_L03->IBSW_06->hpc089
985431.un05:hpc077,hpc088,hpc080,hpc074,hpc073,hpc075,hpc076,hpc081,hpc083,hpc084,hpc085,hpc089:Nodes hpc075 <-> hpc076:hpc075->IBSW_05->hpc076
985431.un05:hpc077,hpc088,hpc080,hpc074,hpc073,hpc075,hpc076,hpc081,hpc083,hpc084,hpc085,hpc089:Nodes hpc075 <-> hpc081:hpc075->IBSW_05->hpc081
985431.un05:hpc077,hpc088,hpc080,hpc074,hpc073,hpc075,hpc076,hpc081,hpc083,hpc084,hpc085,hpc089:Nodes hpc075 <-> hpc083:hpc075->IBSW_05->hpc083
985431.un05:hpc077,hpc088,hpc080,hpc074,hpc073,hpc075,hpc076,hpc081,hpc083,hpc084,hpc085,hpc089:Nodes hpc075 <-> hpc084:hpc075->IBSW_05->hpc084
985431.un05:hpc077,hpc088,hpc080,hpc074,hpc073,hpc075,hpc076,hpc081,hpc083,hpc084,hpc085,hpc089:Nodes hpc075 <-> hpc085:hpc075->IBSW_05->hpc085
985431.un05:hpc077,hpc088,hpc080,hpc074,hpc073,hpc075,hpc076,hpc081,hpc083,hpc084,hpc085,hpc089:Nodes hpc075 <-> hpc089:hpc075->IBSW_05->IBB1_SW_L03->IBSW_06->hpc089
985431.un05:hpc077,hpc088,hpc080,hpc074,hpc073,hpc075,hpc076,hpc081,hpc083,hpc084,hpc085,hpc089:Nodes hpc076 <-> hpc081:hpc076->IBSW_05->hpc081
985431.un05:hpc077,hpc088,hpc080,hpc074,hpc073,hpc075,hpc076,hpc081,hpc083,hpc084,hpc085,hpc089:Nodes hpc076 <-> hpc083:hpc076->IBSW_05->hpc083
985431.un05:hpc077,hpc088,hpc080,hpc074,hpc073,hpc075,hpc076,hpc081,hpc083,hpc084,hpc085,hpc089:Nodes hpc076 <-> hpc084:hpc076->IBSW_05->hpc084
985431.un05:hpc077,hpc088,hpc080,hpc074,hpc073,hpc075,hpc076,hpc081,hpc083,hpc084,hpc085,hpc089:Nodes hpc076 <-> hpc085:hpc076->IBSW_05->hpc085
985431.un05:hpc077,hpc088,hpc080,hpc074,hpc073,hpc075,hpc076,hpc081,hpc083,hpc084,hpc085,hpc089:Nodes hpc076 <-> hpc089:hpc076->IBSW_05->IBB1_SW_L03->IBSW_06->hpc089
985431.un05:hpc077,hpc088,hpc080,hpc074,hpc073,hpc075,hpc076,hpc081,hpc083,hpc084,hpc085,hpc089:Nodes hpc081 <-> hpc083:hpc081->IBSW_05->hpc083
985431.un05:hpc077,hpc088,hpc080,hpc074,hpc073,hpc075,hpc076,hpc081,hpc083,hpc084,hpc085,hpc089:Nodes hpc081 <-> hpc084:hpc081->IBSW_05->hpc084
985431.un05:hpc077,hpc088,hpc080,hpc074,hpc073,hpc075,hpc076,hpc081,hpc083,hpc084,hpc085,hpc089:Nodes hpc081 <-> hpc085:hpc081->IBSW_05->hpc085
985431.un05:hpc077,hpc088,hpc080,hpc074,hpc073,hpc075,hpc076,hpc081,hpc083,hpc084,hpc085,hpc089:Nodes hpc081 <-> hpc089:hpc081->IBSW_05->IBB1_SW_L03->IBSW_06->hpc089
985431.un05:hpc077,hpc088,hpc080,hpc074,hpc073,hpc075,hpc076,hpc081,hpc083,hpc084,hpc085,hpc089:Nodes hpc083 <-> hpc084:hpc083->IBSW_05->hpc084
985431.un05:hpc077,hpc088,hpc080,hpc074,hpc073,hpc075,hpc076,hpc081,hpc083,hpc084,hpc085,hpc089:Nodes hpc083 <-> hpc085:hpc083->IBSW_05->hpc085
985431.un05:hpc077,hpc088,hpc080,hpc074,hpc073,hpc075,hpc076,hpc081,hpc083,hpc084,hpc085,hpc089:Nodes hpc083 <-> hpc089:hpc083->IBSW_05->IBB1_SW_L03->IBSW_06->hpc089
985431.un05:hpc077,hpc088,hpc080,hpc074,hpc073,hpc075,hpc076,hpc081,hpc083,hpc084,hpc085,hpc089:Nodes hpc084 <-> hpc085:hpc084->IBSW_05->hpc085
985431.un05:hpc077,hpc088,hpc080,hpc074,hpc073,hpc075,hpc076,hpc081,hpc083,hpc084,hpc085,hpc089:Nodes hpc084 <-> hpc089:hpc084->IBSW_05->IBB1_SW_L03->IBSW_06->hpc089
985431.un05:hpc077,hpc088,hpc080,hpc074,hpc073,hpc075,hpc076,hpc081,hpc083,hpc084,hpc085,hpc089:Nodes hpc085 <-> hpc089:hpc085->IBSW_05->IBB1_SW_L03->IBSW_06->hpc089
985496.un05:hpc480,hpc481,hpc482,hpc483,hpc484,hpc485:Nodes hpc480 <-> hpc481:hpc480->IBSW_28->hpc481
985496.un05:hpc480,hpc481,hpc482,hpc483,hpc484,hpc485:Nodes hpc480 <-> hpc482:hpc480->IBSW_28->hpc482
985496.un05:hpc480,hpc481,hpc482,hpc483,hpc484,hpc485:Nodes hpc480 <-> hpc483:hpc480->IBSW_28->hpc483
985496.un05:hpc480,hpc481,hpc482,hpc483,hpc484,hpc485:Nodes hpc480 <-> hpc484:hpc480->IBSW_28->hpc484
985496.un05:hpc480,hpc481,hpc482,hpc483,hpc484,hpc485:Nodes hpc480 <-> hpc485:hpc480->IBSW_28->hpc485
985496.un05:hpc480,hpc481,hpc482,hpc483,hpc484,hpc485:Nodes hpc481 <-> hpc482:hpc481->IBSW_28->hpc482
985496.un05:hpc480,hpc481,hpc482,hpc483,hpc484,hpc485:Nodes hpc481 <-> hpc483:hpc481->IBSW_28->hpc483
985496.un05:hpc480,hpc481,hpc482,hpc483,hpc484,hpc485:Nodes hpc481 <-> hpc484:hpc481->IBSW_28->hpc484
985496.un05:hpc480,hpc481,hpc482,hpc483,hpc484,hpc485:Nodes hpc481 <-> hpc485:hpc481->IBSW_28->hpc485
985496.un05:hpc480,hpc481,hpc482,hpc483,hpc484,hpc485:Nodes hpc482 <-> hpc483:hpc482->IBSW_28->hpc483
985496.un05:hpc480,hpc481,hpc482,hpc483,hpc484,hpc485:Nodes hpc482 <-> hpc484:hpc482->IBSW_28->hpc484
985496.un05:hpc480,hpc481,hpc482,hpc483,hpc484,hpc485:Nodes hpc482 <-> hpc485:hpc482->IBSW_28->hpc485
985496.un05:hpc480,hpc481,hpc482,hpc483,hpc484,hpc485:Nodes hpc483 <-> hpc484:hpc483->IBSW_28->hpc484
985496.un05:hpc480,hpc481,hpc482,hpc483,hpc484,hpc485:Nodes hpc483 <-> hpc485:hpc483->IBSW_28->hpc485
985496.un05:hpc480,hpc481,hpc482,hpc483,hpc484,hpc485:Nodes hpc484 <-> hpc485:hpc484->IBSW_28->hpc485
985508.un05:hpc183,hpc194,hpc181,hpc182,hpc187,hpc190,hpc191,hpc188:Nodes hpc183 <-> hpc194:hpc183->IBSW_11->hpc194
985508.un05:hpc183,hpc194,hpc181,hpc182,hpc187,hpc190,hpc191,hpc188:Nodes hpc183 <-> hpc181:hpc183->IBSW_11->hpc181
985508.un05:hpc183,hpc194,hpc181,hpc182,hpc187,hpc190,hpc191,hpc188:Nodes hpc183 <-> hpc182:hpc183->IBSW_11->hpc182
985508.un05:hpc183,hpc194,hpc181,hpc182,hpc187,hpc190,hpc191,hpc188:Nodes hpc183 <-> hpc187:hpc183->IBSW_11->hpc187
985508.un05:hpc183,hpc194,hpc181,hpc182,hpc187,hpc190,hpc191,hpc188:Nodes hpc183 <-> hpc190:hpc183->IBSW_11->hpc190
985508.un05:hpc183,hpc194,hpc181,hpc182,hpc187,hpc190,hpc191,hpc188:Nodes hpc183 <-> hpc191:hpc183->IBSW_11->hpc191
985508.un05:hpc183,hpc194,hpc181,hpc182,hpc187,hpc190,hpc191,hpc188:Nodes hpc183 <-> hpc188:hpc183->IBSW_11->hpc188
985508.un05:hpc183,hpc194,hpc181,hpc182,hpc187,hpc190,hpc191,hpc188:Nodes hpc194 <-> hpc181:hpc194->IBSW_11->hpc181
985508.un05:hpc183,hpc194,hpc181,hpc182,hpc187,hpc190,hpc191,hpc188:Nodes hpc194 <-> hpc182:hpc194->IBSW_11->hpc182
985508.un05:hpc183,hpc194,hpc181,hpc182,hpc187,hpc190,hpc191,hpc188:Nodes hpc194 <-> hpc187:hpc194->IBSW_11->hpc187
985508.un05:hpc183,hpc194,hpc181,hpc182,hpc187,hpc190,hpc191,hpc188:Nodes hpc194 <-> hpc190:hpc194->IBSW_11->hpc190
985508.un05:hpc183,hpc194,hpc181,hpc182,hpc187,hpc190,hpc191,hpc188:Nodes hpc194 <-> hpc191:hpc194->IBSW_11->hpc191
985508.un05:hpc183,hpc194,hpc181,hpc182,hpc187,hpc190,hpc191,hpc188:Nodes hpc194 <-> hpc188:hpc194->IBSW_11->hpc188
985508.un05:hpc183,hpc194,hpc181,hpc182,hpc187,hpc190,hpc191,hpc188:Nodes hpc181 <-> hpc182:hpc181->IBSW_11->hpc182
985508.un05:hpc183,hpc194,hpc181,hpc182,hpc187,hpc190,hpc191,hpc188:Nodes hpc181 <-> hpc187:hpc181->IBSW_11->hpc187
985508.un05:hpc183,hpc194,hpc181,hpc182,hpc187,hpc190,hpc191,hpc188:Nodes hpc181 <-> hpc190:hpc181->IBSW_11->hpc190
985508.un05:hpc183,hpc194,hpc181,hpc182,hpc187,hpc190,hpc191,hpc188:Nodes hpc181 <-> hpc191:hpc181->IBSW_11->hpc191
985508.un05:hpc183,hpc194,hpc181,hpc182,hpc187,hpc190,hpc191,hpc188:Nodes hpc181 <-> hpc188:hpc181->IBSW_11->hpc188
985508.un05:hpc183,hpc194,hpc181,hpc182,hpc187,hpc190,hpc191,hpc188:Nodes hpc182 <-> hpc187:hpc182->IBSW_11->hpc187
985508.un05:hpc183,hpc194,hpc181,hpc182,hpc187,hpc190,hpc191,hpc188:Nodes hpc182 <-> hpc190:hpc182->IBSW_11->hpc190
985508.un05:hpc183,hpc194,hpc181,hpc182,hpc187,hpc190,hpc191,hpc188:Nodes hpc182 <-> hpc191:hpc182->IBSW_11->hpc191
985508.un05:hpc183,hpc194,hpc181,hpc182,hpc187,hpc190,hpc191,hpc188:Nodes hpc182 <-> hpc188:hpc182->IBSW_11->hpc188
985508.un05:hpc183,hpc194,hpc181,hpc182,hpc187,hpc190,hpc191,hpc188:Nodes hpc187 <-> hpc190:hpc187->IBSW_11->hpc190
985508.un05:hpc183,hpc194,hpc181,hpc182,hpc187,hpc190,hpc191,hpc188:Nodes hpc187 <-> hpc191:hpc187->IBSW_11->hpc191
985508.un05:hpc183,hpc194,hpc181,hpc182,hpc187,hpc190,hpc191,hpc188:Nodes hpc187 <-> hpc188:hpc187->IBSW_11->hpc188
985508.un05:hpc183,hpc194,hpc181,hpc182,hpc187,hpc190,hpc191,hpc188:Nodes hpc190 <-> hpc191:hpc190->IBSW_11->hpc191
985508.un05:hpc183,hpc194,hpc181,hpc182,hpc187,hpc190,hpc191,hpc188:Nodes hpc190 <-> hpc188:hpc190->IBSW_11->hpc188
985508.un05:hpc183,hpc194,hpc181,hpc182,hpc187,hpc190,hpc191,hpc188:Nodes hpc191 <-> hpc188:hpc191->IBSW_11->hpc188
985510.un05:hpc475,hpc460,hpc462,hpc463,hpc464,hpc465,hpc467,hpc468,hpc470,hpc471,hpc474,hpc476:Nodes hpc475 <-> hpc460:hpc475->IBSW_27->hpc460
985510.un05:hpc475,hpc460,hpc462,hpc463,hpc464,hpc465,hpc467,hpc468,hpc470,hpc471,hpc474,hpc476:Nodes hpc475 <-> hpc462:hpc475->IBSW_27->hpc462
985510.un05:hpc475,hpc460,hpc462,hpc463,hpc464,hpc465,hpc467,hpc468,hpc470,hpc471,hpc474,hpc476:Nodes hpc475 <-> hpc463:hpc475->IBSW_27->hpc463
985510.un05:hpc475,hpc460,hpc462,hpc463,hpc464,hpc465,hpc467,hpc468,hpc470,hpc471,hpc474,hpc476:Nodes hpc475 <-> hpc464:hpc475->IBSW_27->hpc464
985510.un05:hpc475,hpc460,hpc462,hpc463,hpc464,hpc465,hpc467,hpc468,hpc470,hpc471,hpc474,hpc476:Nodes hpc475 <-> hpc465:hpc475->IBSW_27->hpc465
985510.un05:hpc475,hpc460,hpc462,hpc463,hpc464,hpc465,hpc467,hpc468,hpc470,hpc471,hpc474,hpc476:Nodes hpc475 <-> hpc467:hpc475->IBSW_27->hpc467
985510.un05:hpc475,hpc460,hpc462,hpc463,hpc464,hpc465,hpc467,hpc468,hpc470,hpc471,hpc474,hpc476:Nodes hpc475 <-> hpc468:hpc475->IBSW_27->hpc468
985510.un05:hpc475,hpc460,hpc462,hpc463,hpc464,hpc465,hpc467,hpc468,hpc470,hpc471,hpc474,hpc476:Nodes hpc475 <-> hpc470:hpc475->IBSW_27->hpc470
985510.un05:hpc475,hpc460,hpc462,hpc463,hpc464,hpc465,hpc467,hpc468,hpc470,hpc471,hpc474,hpc476:Nodes hpc475 <-> hpc471:hpc475->IBSW_27->hpc471
985510.un05:hpc475,hpc460,hpc462,hpc463,hpc464,hpc465,hpc467,hpc468,hpc470,hpc471,hpc474,hpc476:Nodes hpc475 <-> hpc474:hpc475->IBSW_27->hpc474
985510.un05:hpc475,hpc460,hpc462,hpc463,hpc464,hpc465,hpc467,hpc468,hpc470,hpc471,hpc474,hpc476:Nodes hpc475 <-> hpc476:hpc475->IBSW_27->hpc476
985510.un05:hpc475,hpc460,hpc462,hpc463,hpc464,hpc465,hpc467,hpc468,hpc470,hpc471,hpc474,hpc476:Nodes hpc460 <-> hpc462:hpc460->IBSW_27->hpc462
985510.un05:hpc475,hpc460,hpc462,hpc463,hpc464,hpc465,hpc467,hpc468,hpc470,hpc471,hpc474,hpc476:Nodes hpc460 <-> hpc463:hpc460->IBSW_27->hpc463
985510.un05:hpc475,hpc460,hpc462,hpc463,hpc464,hpc465,hpc467,hpc468,hpc470,hpc471,hpc474,hpc476:Nodes hpc460 <-> hpc464:hpc460->IBSW_27->hpc464
985510.un05:hpc475,hpc460,hpc462,hpc463,hpc464,hpc465,hpc467,hpc468,hpc470,hpc471,hpc474,hpc476:Nodes hpc460 <-> hpc465:hpc460->IBSW_27->hpc465
985510.un05:hpc475,hpc460,hpc462,hpc463,hpc464,hpc465,hpc467,hpc468,hpc470,hpc471,hpc474,hpc476:Nodes hpc460 <-> hpc467:hpc460->IBSW_27->hpc467
985510.un05:hpc475,hpc460,hpc462,hpc463,hpc464,hpc465,hpc467,hpc468,hpc470,hpc471,hpc474,hpc476:Nodes hpc460 <-> hpc468:hpc460->IBSW_27->hpc468
985510.un05:hpc475,hpc460,hpc462,hpc463,hpc464,hpc465,hpc467,hpc468,hpc470,hpc471,hpc474,hpc476:Nodes hpc460 <-> hpc470:hpc460->IBSW_27->hpc470
985510.un05:hpc475,hpc460,hpc462,hpc463,hpc464,hpc465,hpc467,hpc468,hpc470,hpc471,hpc474,hpc476:Nodes hpc460 <-> hpc471:hpc460->IBSW_27->hpc471
985510.un05:hpc475,hpc460,hpc462,hpc463,hpc464,hpc465,hpc467,hpc468,hpc470,hpc471,hpc474,hpc476:Nodes hpc460 <-> hpc474:hpc460->IBSW_27->hpc474
985510.un05:hpc475,hpc460,hpc462,hpc463,hpc464,hpc465,hpc467,hpc468,hpc470,hpc471,hpc474,hpc476:Nodes hpc460 <-> hpc476:hpc460->IBSW_27->hpc476
985510.un05:hpc475,hpc460,hpc462,hpc463,hpc464,hpc465,hpc467,hpc468,hpc470,hpc471,hpc474,hpc476:Nodes hpc462 <-> hpc463:hpc462->IBSW_27->hpc463
985510.un05:hpc475,hpc460,hpc462,hpc463,hpc464,hpc465,hpc467,hpc468,hpc470,hpc471,hpc474,hpc476:Nodes hpc462 <-> hpc464:hpc462->IBSW_27->hpc464
985510.un05:hpc475,hpc460,hpc462,hpc463,hpc464,hpc465,hpc467,hpc468,hpc470,hpc471,hpc474,hpc476:Nodes hpc462 <-> hpc465:hpc462->IBSW_27->hpc465
985510.un05:hpc475,hpc460,hpc462,hpc463,hpc464,hpc465,hpc467,hpc468,hpc470,hpc471,hpc474,hpc476:Nodes hpc462 <-> hpc467:hpc462->IBSW_27->hpc467
985510.un05:hpc475,hpc460,hpc462,hpc463,hpc464,hpc465,hpc467,hpc468,hpc470,hpc471,hpc474,hpc476:Nodes hpc462 <-> hpc468:hpc462->IBSW_27->hpc468
985510.un05:hpc475,hpc460,hpc462,hpc463,hpc464,hpc465,hpc467,hpc468,hpc470,hpc471,hpc474,hpc476:Nodes hpc462 <-> hpc470:hpc462->IBSW_27->hpc470
985510.un05:hpc475,hpc460,hpc462,hpc463,hpc464,hpc465,hpc467,hpc468,hpc470,hpc471,hpc474,hpc476:Nodes hpc462 <-> hpc471:hpc462->IBSW_27->hpc471
985510.un05:hpc475,hpc460,hpc462,hpc463,hpc464,hpc465,hpc467,hpc468,hpc470,hpc471,hpc474,hpc476:Nodes hpc462 <-> hpc474:hpc462->IBSW_27->hpc474
985510.un05:hpc475,hpc460,hpc462,hpc463,hpc464,hpc465,hpc467,hpc468,hpc470,hpc471,hpc474,hpc476:Nodes hpc462 <-> hpc476:hpc462->IBSW_27->hpc476
985510.un05:hpc475,hpc460,hpc462,hpc463,hpc464,hpc465,hpc467,hpc468,hpc470,hpc471,hpc474,hpc476:Nodes hpc463 <-> hpc464:hpc463->IBSW_27->hpc464
985510.un05:hpc475,hpc460,hpc462,hpc463,hpc464,hpc465,hpc467,hpc468,hpc470,hpc471,hpc474,hpc476:Nodes hpc463 <-> hpc465:hpc463->IBSW_27->hpc465
985510.un05:hpc475,hpc460,hpc462,hpc463,hpc464,hpc465,hpc467,hpc468,hpc470,hpc471,hpc474,hpc476:Nodes hpc463 <-> hpc467:hpc463->IBSW_27->hpc467
985510.un05:hpc475,hpc460,hpc462,hpc463,hpc464,hpc465,hpc467,hpc468,hpc470,hpc471,hpc474,hpc476:Nodes hpc463 <-> hpc468:hpc463->IBSW_27->hpc468
985510.un05:hpc475,hpc460,hpc462,hpc463,hpc464,hpc465,hpc467,hpc468,hpc470,hpc471,hpc474,hpc476:Nodes hpc463 <-> hpc470:hpc463->IBSW_27->hpc470
985510.un05:hpc475,hpc460,hpc462,hpc463,hpc464,hpc465,hpc467,hpc468,hpc470,hpc471,hpc474,hpc476:Nodes hpc463 <-> hpc471:hpc463->IBSW_27->hpc471
985510.un05:hpc475,hpc460,hpc462,hpc463,hpc464,hpc465,hpc467,hpc468,hpc470,hpc471,hpc474,hpc476:Nodes hpc463 <-> hpc474:hpc463->IBSW_27->hpc474
985510.un05:hpc475,hpc460,hpc462,hpc463,hpc464,hpc465,hpc467,hpc468,hpc470,hpc471,hpc474,hpc476:Nodes hpc463 <-> hpc476:hpc463->IBSW_27->hpc476
985510.un05:hpc475,hpc460,hpc462,hpc463,hpc464,hpc465,hpc467,hpc468,hpc470,hpc471,hpc474,hpc476:Nodes hpc464 <-> hpc465:hpc464->IBSW_27->hpc465
985510.un05:hpc475,hpc460,hpc462,hpc463,hpc464,hpc465,hpc467,hpc468,hpc470,hpc471,hpc474,hpc476:Nodes hpc464 <-> hpc467:hpc464->IBSW_27->hpc467
985510.un05:hpc475,hpc460,hpc462,hpc463,hpc464,hpc465,hpc467,hpc468,hpc470,hpc471,hpc474,hpc476:Nodes hpc464 <-> hpc468:hpc464->IBSW_27->hpc468
985510.un05:hpc475,hpc460,hpc462,hpc463,hpc464,hpc465,hpc467,hpc468,hpc470,hpc471,hpc474,hpc476:Nodes hpc464 <-> hpc470:hpc464->IBSW_27->hpc470
985510.un05:hpc475,hpc460,hpc462,hpc463,hpc464,hpc465,hpc467,hpc468,hpc470,hpc471,hpc474,hpc476:Nodes hpc464 <-> hpc471:hpc464->IBSW_27->hpc471
985510.un05:hpc475,hpc460,hpc462,hpc463,hpc464,hpc465,hpc467,hpc468,hpc470,hpc471,hpc474,hpc476:Nodes hpc464 <-> hpc474:hpc464->IBSW_27->hpc474
985510.un05:hpc475,hpc460,hpc462,hpc463,hpc464,hpc465,hpc467,hpc468,hpc470,hpc471,hpc474,hpc476:Nodes hpc464 <-> hpc476:hpc464->IBSW_27->hpc476
985510.un05:hpc475,hpc460,hpc462,hpc463,hpc464,hpc465,hpc467,hpc468,hpc470,hpc471,hpc474,hpc476:Nodes hpc465 <-> hpc467:hpc465->IBSW_27->hpc467
985510.un05:hpc475,hpc460,hpc462,hpc463,hpc464,hpc465,hpc467,hpc468,hpc470,hpc471,hpc474,hpc476:Nodes hpc465 <-> hpc468:hpc465->IBSW_27->hpc468
985510.un05:hpc475,hpc460,hpc462,hpc463,hpc464,hpc465,hpc467,hpc468,hpc470,hpc471,hpc474,hpc476:Nodes hpc465 <-> hpc470:hpc465->IBSW_27->hpc470
985510.un05:hpc475,hpc460,hpc462,hpc463,hpc464,hpc465,hpc467,hpc468,hpc470,hpc471,hpc474,hpc476:Nodes hpc465 <-> hpc471:hpc465->IBSW_27->hpc471
985510.un05:hpc475,hpc460,hpc462,hpc463,hpc464,hpc465,hpc467,hpc468,hpc470,hpc471,hpc474,hpc476:Nodes hpc465 <-> hpc474:hpc465->IBSW_27->hpc474
985510.un05:hpc475,hpc460,hpc462,hpc463,hpc464,hpc465,hpc467,hpc468,hpc470,hpc471,hpc474,hpc476:Nodes hpc465 <-> hpc476:hpc465->IBSW_27->hpc476
985510.un05:hpc475,hpc460,hpc462,hpc463,hpc464,hpc465,hpc467,hpc468,hpc470,hpc471,hpc474,hpc476:Nodes hpc467 <-> hpc468:hpc467->IBSW_27->hpc468
985510.un05:hpc475,hpc460,hpc462,hpc463,hpc464,hpc465,hpc467,hpc468,hpc470,hpc471,hpc474,hpc476:Nodes hpc467 <-> hpc470:hpc467->IBSW_27->hpc470
985510.un05:hpc475,hpc460,hpc462,hpc463,hpc464,hpc465,hpc467,hpc468,hpc470,hpc471,hpc474,hpc476:Nodes hpc467 <-> hpc471:hpc467->IBSW_27->hpc471
985510.un05:hpc475,hpc460,hpc462,hpc463,hpc464,hpc465,hpc467,hpc468,hpc470,hpc471,hpc474,hpc476:Nodes hpc467 <-> hpc474:hpc467->IBSW_27->hpc474
985510.un05:hpc475,hpc460,hpc462,hpc463,hpc464,hpc465,hpc467,hpc468,hpc470,hpc471,hpc474,hpc476:Nodes hpc467 <-> hpc476:hpc467->IBSW_27->hpc476
985510.un05:hpc475,hpc460,hpc462,hpc463,hpc464,hpc465,hpc467,hpc468,hpc470,hpc471,hpc474,hpc476:Nodes hpc468 <-> hpc470:hpc468->IBSW_27->hpc470
985510.un05:hpc475,hpc460,hpc462,hpc463,hpc464,hpc465,hpc467,hpc468,hpc470,hpc471,hpc474,hpc476:Nodes hpc468 <-> hpc471:hpc468->IBSW_27->hpc471
985510.un05:hpc475,hpc460,hpc462,hpc463,hpc464,hpc465,hpc467,hpc468,hpc470,hpc471,hpc474,hpc476:Nodes hpc468 <-> hpc474:hpc468->IBSW_27->hpc474
985510.un05:hpc475,hpc460,hpc462,hpc463,hpc464,hpc465,hpc467,hpc468,hpc470,hpc471,hpc474,hpc476:Nodes hpc468 <-> hpc476:hpc468->IBSW_27->hpc476
985510.un05:hpc475,hpc460,hpc462,hpc463,hpc464,hpc465,hpc467,hpc468,hpc470,hpc471,hpc474,hpc476:Nodes hpc470 <-> hpc471:hpc470->IBSW_27->hpc471
985510.un05:hpc475,hpc460,hpc462,hpc463,hpc464,hpc465,hpc467,hpc468,hpc470,hpc471,hpc474,hpc476:Nodes hpc470 <-> hpc474:hpc470->IBSW_27->hpc474
985510.un05:hpc475,hpc460,hpc462,hpc463,hpc464,hpc465,hpc467,hpc468,hpc470,hpc471,hpc474,hpc476:Nodes hpc470 <-> hpc476:hpc470->IBSW_27->hpc476
985510.un05:hpc475,hpc460,hpc462,hpc463,hpc464,hpc465,hpc467,hpc468,hpc470,hpc471,hpc474,hpc476:Nodes hpc471 <-> hpc474:hpc471->IBSW_27->hpc474
985510.un05:hpc475,hpc460,hpc462,hpc463,hpc464,hpc465,hpc467,hpc468,hpc470,hpc471,hpc474,hpc476:Nodes hpc471 <-> hpc476:hpc471->IBSW_27->hpc476
985510.un05:hpc475,hpc460,hpc462,hpc463,hpc464,hpc465,hpc467,hpc468,hpc470,hpc471,hpc474,hpc476:Nodes hpc474 <-> hpc476:hpc474->IBSW_27->hpc476
985537.un05:hpc887,hpc881:Nodes hpc887 <-> hpc881:hpc887->IBSW_52->hpc881
985558.un05:hpc487,hpc488,hpc490,hpc491:Nodes hpc487 <-> hpc488:hpc487->IBSW_28->hpc488
985558.un05:hpc487,hpc488,hpc490,hpc491:Nodes hpc487 <-> hpc490:hpc487->IBSW_28->hpc490
985558.un05:hpc487,hpc488,hpc490,hpc491:Nodes hpc487 <-> hpc491:hpc487->IBSW_28->hpc491
985558.un05:hpc487,hpc488,hpc490,hpc491:Nodes hpc488 <-> hpc490:hpc488->IBSW_28->hpc490
985558.un05:hpc487,hpc488,hpc490,hpc491:Nodes hpc488 <-> hpc491:hpc488->IBSW_28->hpc491
985558.un05:hpc487,hpc488,hpc490,hpc491:Nodes hpc490 <-> hpc491:hpc490->IBSW_28->hpc491
985560.un05:hpc879,hpc883:Nodes hpc879 <-> hpc883:hpc879->IBSW_52->hpc883
985561.un05:hpc884,hpc885:Nodes hpc884 <-> hpc885:hpc884->IBSW_52->hpc885
985581.un05:hpc700,hpc695,hpc692,hpc697,hpc698,hpc704:Nodes hpc700 <-> hpc695:hpc700->IBSW_40->hpc695
985581.un05:hpc700,hpc695,hpc692,hpc697,hpc698,hpc704:Nodes hpc700 <-> hpc692:hpc700->IBSW_40->hpc692
985581.un05:hpc700,hpc695,hpc692,hpc697,hpc698,hpc704:Nodes hpc700 <-> hpc697:hpc700->IBSW_40->hpc697
985581.un05:hpc700,hpc695,hpc692,hpc697,hpc698,hpc704:Nodes hpc700 <-> hpc698:hpc700->IBSW_40->hpc698
985581.un05:hpc700,hpc695,hpc692,hpc697,hpc698,hpc704:Nodes hpc700 <-> hpc704:hpc700->IBSW_40->hpc704
985581.un05:hpc700,hpc695,hpc692,hpc697,hpc698,hpc704:Nodes hpc695 <-> hpc692:hpc695->IBSW_40->hpc692
985581.un05:hpc700,hpc695,hpc692,hpc697,hpc698,hpc704:Nodes hpc695 <-> hpc697:hpc695->IBSW_40->hpc697
985581.un05:hpc700,hpc695,hpc692,hpc697,hpc698,hpc704:Nodes hpc695 <-> hpc698:hpc695->IBSW_40->hpc698
985581.un05:hpc700,hpc695,hpc692,hpc697,hpc698,hpc704:Nodes hpc695 <-> hpc704:hpc695->IBSW_40->hpc704
985581.un05:hpc700,hpc695,hpc692,hpc697,hpc698,hpc704:Nodes hpc692 <-> hpc697:hpc692->IBSW_40->hpc697
985581.un05:hpc700,hpc695,hpc692,hpc697,hpc698,hpc704:Nodes hpc692 <-> hpc698:hpc692->IBSW_40->hpc698
985581.un05:hpc700,hpc695,hpc692,hpc697,hpc698,hpc704:Nodes hpc692 <-> hpc704:hpc692->IBSW_40->hpc704
985581.un05:hpc700,hpc695,hpc692,hpc697,hpc698,hpc704:Nodes hpc697 <-> hpc698:hpc697->IBSW_40->hpc698
985581.un05:hpc700,hpc695,hpc692,hpc697,hpc698,hpc704:Nodes hpc697 <-> hpc704:hpc697->IBSW_40->hpc704
985581.un05:hpc700,hpc695,hpc692,hpc697,hpc698,hpc704:Nodes hpc698 <-> hpc704:hpc698->IBSW_40->hpc704
985587.un05:hpc017,hpc011,hpc015,hpc012,hpc016,hpc018:Nodes hpc017 <-> hpc011:hpc017->IBSW_01->hpc011
985587.un05:hpc017,hpc011,hpc015,hpc012,hpc016,hpc018:Nodes hpc017 <-> hpc015:hpc017->IBSW_01->hpc015
985587.un05:hpc017,hpc011,hpc015,hpc012,hpc016,hpc018:Nodes hpc017 <-> hpc012:hpc017->IBSW_01->hpc012
985587.un05:hpc017,hpc011,hpc015,hpc012,hpc016,hpc018:Nodes hpc017 <-> hpc016:hpc017->IBSW_01->hpc016
985587.un05:hpc017,hpc011,hpc015,hpc012,hpc016,hpc018:Nodes hpc017 <-> hpc018:hpc017->IBSW_01->hpc018
985587.un05:hpc017,hpc011,hpc015,hpc012,hpc016,hpc018:Nodes hpc011 <-> hpc015:hpc011->IBSW_01->hpc015
985587.un05:hpc017,hpc011,hpc015,hpc012,hpc016,hpc018:Nodes hpc011 <-> hpc012:hpc011->IBSW_01->hpc012
985587.un05:hpc017,hpc011,hpc015,hpc012,hpc016,hpc018:Nodes hpc011 <-> hpc016:hpc011->IBSW_01->hpc016
985587.un05:hpc017,hpc011,hpc015,hpc012,hpc016,hpc018:Nodes hpc011 <-> hpc018:hpc011->IBSW_01->hpc018
985587.un05:hpc017,hpc011,hpc015,hpc012,hpc016,hpc018:Nodes hpc015 <-> hpc012:hpc015->IBSW_01->hpc012
985587.un05:hpc017,hpc011,hpc015,hpc012,hpc016,hpc018:Nodes hpc015 <-> hpc016:hpc015->IBSW_01->hpc016
985587.un05:hpc017,hpc011,hpc015,hpc012,hpc016,hpc018:Nodes hpc015 <-> hpc018:hpc015->IBSW_01->hpc018
985587.un05:hpc017,hpc011,hpc015,hpc012,hpc016,hpc018:Nodes hpc012 <-> hpc016:hpc012->IBSW_01->hpc016
985587.un05:hpc017,hpc011,hpc015,hpc012,hpc016,hpc018:Nodes hpc012 <-> hpc018:hpc012->IBSW_01->hpc018
985587.un05:hpc017,hpc011,hpc015,hpc012,hpc016,hpc018:Nodes hpc016 <-> hpc018:hpc016->IBSW_01->hpc018
985590.un05:hpc882,hpc877:Nodes hpc882 <-> hpc877:hpc882->IBSW_52->hpc877
985591.un05:hpc515,hpc520,hpc522,hpc524,hpc513,hpc514:Nodes hpc515 <-> hpc520:hpc515->IBSW_30->hpc520
985591.un05:hpc515,hpc520,hpc522,hpc524,hpc513,hpc514:Nodes hpc515 <-> hpc522:hpc515->IBSW_30->hpc522
985591.un05:hpc515,hpc520,hpc522,hpc524,hpc513,hpc514:Nodes hpc515 <-> hpc524:hpc515->IBSW_30->hpc524
985591.un05:hpc515,hpc520,hpc522,hpc524,hpc513,hpc514:Nodes hpc515 <-> hpc513:hpc515->IBSW_30->hpc513
985591.un05:hpc515,hpc520,hpc522,hpc524,hpc513,hpc514:Nodes hpc515 <-> hpc514:hpc515->IBSW_30->hpc514
985591.un05:hpc515,hpc520,hpc522,hpc524,hpc513,hpc514:Nodes hpc520 <-> hpc522:hpc520->IBSW_30->hpc522
985591.un05:hpc515,hpc520,hpc522,hpc524,hpc513,hpc514:Nodes hpc520 <-> hpc524:hpc520->IBSW_30->hpc524
985591.un05:hpc515,hpc520,hpc522,hpc524,hpc513,hpc514:Nodes hpc520 <-> hpc513:hpc520->IBSW_30->hpc513
985591.un05:hpc515,hpc520,hpc522,hpc524,hpc513,hpc514:Nodes hpc520 <-> hpc514:hpc520->IBSW_30->hpc514
985591.un05:hpc515,hpc520,hpc522,hpc524,hpc513,hpc514:Nodes hpc522 <-> hpc524:hpc522->IBSW_30->hpc524
985591.un05:hpc515,hpc520,hpc522,hpc524,hpc513,hpc514:Nodes hpc522 <-> hpc513:hpc522->IBSW_30->hpc513
985591.un05:hpc515,hpc520,hpc522,hpc524,hpc513,hpc514:Nodes hpc522 <-> hpc514:hpc522->IBSW_30->hpc514
985591.un05:hpc515,hpc520,hpc522,hpc524,hpc513,hpc514:Nodes hpc524 <-> hpc513:hpc524->IBSW_30->hpc513
985591.un05:hpc515,hpc520,hpc522,hpc524,hpc513,hpc514:Nodes hpc524 <-> hpc514:hpc524->IBSW_30->hpc514
985591.un05:hpc515,hpc520,hpc522,hpc524,hpc513,hpc514:Nodes hpc513 <-> hpc514:hpc513->IBSW_30->hpc514
